"","SampleID","Count","Year","Artsgruppering","BA"
"1","2007_3",0,2007,"Amphipoda","aBefore"
"2","2007_6",24,2007,"Amphipoda","aBefore"
"3","2007_9",6,2007,"Amphipoda","aBefore"
"4","2007_17",30,2007,"Amphipoda","aBefore"
"5","2007_20",8,2007,"Amphipoda","aBefore"
"6","2007_19",34,2007,"Amphipoda","aBefore"
"7","2007_2",2,2007,"Amphipoda","aBefore"
"8","2007_5",1,2007,"Amphipoda","aBefore"
"9","2007_8",4,2007,"Amphipoda","aBefore"
"10","2007_11",0,2007,"Amphipoda","aBefore"
"11","2007_14",12,2007,"Amphipoda","aBefore"
"12","2007_13",40,2007,"Amphipoda","aBefore"
"13","2007_7",18,2007,"Amphipoda","aBefore"
"14","2007_16",2,2007,"Amphipoda","aBefore"
"15","2007_10",0,2007,"Amphipoda","aBefore"
"16","2007_18",0,2007,"Amphipoda","aBefore"
"17","2007_12",12,2007,"Amphipoda","aBefore"
"18","2007_4",0,2007,"Amphipoda","aBefore"
"19","2007_1",12,2007,"Amphipoda","aBefore"
"20","2007_15",12,2007,"Amphipoda","aBefore"
"21","2011_5",0,2011,"Amphipoda","bAfter"
"22","2011_8",7,2011,"Amphipoda","bAfter"
"23","2011_11",0,2011,"Amphipoda","bAfter"
"24","2011_14",0,2011,"Amphipoda","bAfter"
"25","2011_17",0,2011,"Amphipoda","bAfter"
"26","2011_21",0,2011,"Amphipoda","bAfter"
"27","2011_24",0,2011,"Amphipoda","bAfter"
"28","2011_27",0,2011,"Amphipoda","bAfter"
"29","2011_30",0,2011,"Amphipoda","bAfter"
"30","2011_2",0,2011,"Amphipoda","bAfter"
"31","2011_3",0,2011,"Amphipoda","bAfter"
"32","2011_6",6,2011,"Amphipoda","bAfter"
"33","2011_9",5,2011,"Amphipoda","bAfter"
"34","2011_12",0,2011,"Amphipoda","bAfter"
"35","2011_20",0,2011,"Amphipoda","bAfter"
"36","2011_22",0,2011,"Amphipoda","bAfter"
"37","2011_25",0,2011,"Amphipoda","bAfter"
"38","2011_28",9,2011,"Amphipoda","bAfter"
"39","2011_10",0,2011,"Amphipoda","bAfter"
"40","2011_26",12,2011,"Amphipoda","bAfter"
"41","2011_19",0,2011,"Amphipoda","bAfter"
"42","2011_29",8,2011,"Amphipoda","bAfter"
"43","2011_13",1,2011,"Amphipoda","bAfter"
"44","2011_1",0,2011,"Amphipoda","bAfter"
"45","2011_7",3,2011,"Amphipoda","bAfter"
"46","2011_15",13,2011,"Amphipoda","bAfter"
"47","2011_23",2,2011,"Amphipoda","bAfter"
"48","2011_18",0,2011,"Amphipoda","bAfter"
"49","2011_4",0,2011,"Amphipoda","bAfter"
"50","2011_16",2,2011,"Amphipoda","bAfter"
"51","2013_1",0,2013,"Amphipoda","bAfter"
"52","2013_4",9,2013,"Amphipoda","bAfter"
"53","2013_7",0,2013,"Amphipoda","bAfter"
"54","2013_15",63,2013,"Amphipoda","bAfter"
"55","2013_18",0,2013,"Amphipoda","bAfter"
"56","2013_21",7,2013,"Amphipoda","bAfter"
"57","2013_24",2,2013,"Amphipoda","bAfter"
"58","2013_27",6,2013,"Amphipoda","bAfter"
"59","2013_35",0,2013,"Amphipoda","bAfter"
"60","2013_38",1,2013,"Amphipoda","bAfter"
"61","2013_41",0,2013,"Amphipoda","bAfter"
"62","2013_5",0,2013,"Amphipoda","bAfter"
"63","2013_14",5,2013,"Amphipoda","bAfter"
"64","2013_11",1,2013,"Amphipoda","bAfter"
"65","2013_34",0,2013,"Amphipoda","bAfter"
"66","2013_28",16,2013,"Amphipoda","bAfter"
"67","2013_25",0,2013,"Amphipoda","bAfter"
"68","2013_17",0,2013,"Amphipoda","bAfter"
"69","2013_37",0,2013,"Amphipoda","bAfter"
"70","2013_31",0,2013,"Amphipoda","bAfter"
"71","2013_8",0,2013,"Amphipoda","bAfter"
"72","2013_2",0,2013,"Amphipoda","bAfter"
"73","2013_10",0,2013,"Amphipoda","bAfter"
"74","2013_13",0,2013,"Amphipoda","bAfter"
"75","2013_16",1,2013,"Amphipoda","bAfter"
"76","2013_19",1,2013,"Amphipoda","bAfter"
"77","2013_22",0,2013,"Amphipoda","bAfter"
"78","2013_30",0,2013,"Amphipoda","bAfter"
"79","2013_33",0,2013,"Amphipoda","bAfter"
"80","2013_36",3,2013,"Amphipoda","bAfter"
"81","2013_39",0,2013,"Amphipoda","bAfter"
"82","2013_42",1,2013,"Amphipoda","bAfter"
"83","2013_12",5,2013,"Amphipoda","bAfter"
"84","2013_29",6,2013,"Amphipoda","bAfter"
"85","2013_6",2,2013,"Amphipoda","bAfter"
"86","2013_32",0,2013,"Amphipoda","bAfter"
"87","2013_9",1,2013,"Amphipoda","bAfter"
"88","2013_23",0,2013,"Amphipoda","bAfter"
"89","2013_40",3,2013,"Amphipoda","bAfter"
"90","2013_20",4,2013,"Amphipoda","bAfter"
"91","2013_26",6,2013,"Amphipoda","bAfter"
"92","2013_3",0,2013,"Amphipoda","bAfter"
"93","2015_27",21,2015,"Amphipoda","bAfter"
"94","2015_1",6,2015,"Amphipoda","bAfter"
"95","2015_31",0,2015,"Amphipoda","bAfter"
"96","2015_37",1,2015,"Amphipoda","bAfter"
"97","2015_7",3,2015,"Amphipoda","bAfter"
"98","2015_18",4,2015,"Amphipoda","bAfter"
"99","2015_10",8,2015,"Amphipoda","bAfter"
"100","2015_28",25,2015,"Amphipoda","bAfter"
"101","2015_15",9,2015,"Amphipoda","bAfter"
"102","2015_34",27,2015,"Amphipoda","bAfter"
"103","2015_30",21,2015,"Amphipoda","bAfter"
"104","2015_12",3,2015,"Amphipoda","bAfter"
"105","2015_17",4,2015,"Amphipoda","bAfter"
"106","2015_36",4,2015,"Amphipoda","bAfter"
"107","2015_24",14,2015,"Amphipoda","bAfter"
"108","2015_39",4,2015,"Amphipoda","bAfter"
"109","2015_14",41,2015,"Amphipoda","bAfter"
"110","2015_20",10,2015,"Amphipoda","bAfter"
"111","2015_42",3,2015,"Amphipoda","bAfter"
"112","2015_4",0,2015,"Amphipoda","bAfter"
"113","2015_33",2,2015,"Amphipoda","bAfter"
"114","2015_2",15,2015,"Amphipoda","bAfter"
"115","2015_5",7,2015,"Amphipoda","bAfter"
"116","2015_8",11,2015,"Amphipoda","bAfter"
"117","2015_11",7,2015,"Amphipoda","bAfter"
"118","2015_13",6,2015,"Amphipoda","bAfter"
"119","2015_21",60,2015,"Amphipoda","bAfter"
"120","2015_22",5,2015,"Amphipoda","bAfter"
"121","2015_25",67,2015,"Amphipoda","bAfter"
"122","2015_29",50,2015,"Amphipoda","bAfter"
"123","2015_32",27,2015,"Amphipoda","bAfter"
"124","2015_35",15,2015,"Amphipoda","bAfter"
"125","2015_40",6,2015,"Amphipoda","bAfter"
"126","2015_3",0,2015,"Amphipoda","bAfter"
"127","2015_6",2,2015,"Amphipoda","bAfter"
"128","2015_9",28,2015,"Amphipoda","bAfter"
"129","2015_16",8,2015,"Amphipoda","bAfter"
"130","2015_19",0,2015,"Amphipoda","bAfter"
"131","2015_23",0,2015,"Amphipoda","bAfter"
"132","2015_26",14,2015,"Amphipoda","bAfter"
"133","2015_38",15,2015,"Amphipoda","bAfter"
"134","2015_41",3,2015,"Amphipoda","bAfter"
"135","2007_3",2,2007,"Littorinimorpha (small)","aBefore"
"136","2007_6",10,2007,"Littorinimorpha (small)","aBefore"
"137","2007_9",18,2007,"Littorinimorpha (small)","aBefore"
"138","2007_17",5,2007,"Littorinimorpha (small)","aBefore"
"139","2007_20",0,2007,"Littorinimorpha (small)","aBefore"
"140","2007_19",5,2007,"Littorinimorpha (small)","aBefore"
"141","2007_2",16,2007,"Littorinimorpha (small)","aBefore"
"142","2007_5",8,2007,"Littorinimorpha (small)","aBefore"
"143","2007_8",20,2007,"Littorinimorpha (small)","aBefore"
"144","2007_11",7,2007,"Littorinimorpha (small)","aBefore"
"145","2007_14",58,2007,"Littorinimorpha (small)","aBefore"
"146","2007_13",6,2007,"Littorinimorpha (small)","aBefore"
"147","2007_7",5,2007,"Littorinimorpha (small)","aBefore"
"148","2007_16",6,2007,"Littorinimorpha (small)","aBefore"
"149","2007_10",15,2007,"Littorinimorpha (small)","aBefore"
"150","2007_18",0,2007,"Littorinimorpha (small)","aBefore"
"151","2007_12",7,2007,"Littorinimorpha (small)","aBefore"
"152","2007_4",11,2007,"Littorinimorpha (small)","aBefore"
"153","2007_1",28,2007,"Littorinimorpha (small)","aBefore"
"154","2007_15",63,2007,"Littorinimorpha (small)","aBefore"
"155","2011_5",0,2011,"Littorinimorpha (small)","bAfter"
"156","2011_8",2,2011,"Littorinimorpha (small)","bAfter"
"157","2011_11",0,2011,"Littorinimorpha (small)","bAfter"
"158","2011_14",0,2011,"Littorinimorpha (small)","bAfter"
"159","2011_17",0,2011,"Littorinimorpha (small)","bAfter"
"160","2011_21",0,2011,"Littorinimorpha (small)","bAfter"
"161","2011_24",17,2011,"Littorinimorpha (small)","bAfter"
"162","2011_27",0,2011,"Littorinimorpha (small)","bAfter"
"163","2011_30",0,2011,"Littorinimorpha (small)","bAfter"
"164","2011_2",0,2011,"Littorinimorpha (small)","bAfter"
"165","2011_3",0,2011,"Littorinimorpha (small)","bAfter"
"166","2011_6",0,2011,"Littorinimorpha (small)","bAfter"
"167","2011_9",0,2011,"Littorinimorpha (small)","bAfter"
"168","2011_12",0,2011,"Littorinimorpha (small)","bAfter"
"169","2011_20",0,2011,"Littorinimorpha (small)","bAfter"
"170","2011_22",0,2011,"Littorinimorpha (small)","bAfter"
"171","2011_25",0,2011,"Littorinimorpha (small)","bAfter"
"172","2011_28",0,2011,"Littorinimorpha (small)","bAfter"
"173","2011_10",0,2011,"Littorinimorpha (small)","bAfter"
"174","2011_26",0,2011,"Littorinimorpha (small)","bAfter"
"175","2011_19",0,2011,"Littorinimorpha (small)","bAfter"
"176","2011_29",0,2011,"Littorinimorpha (small)","bAfter"
"177","2011_13",0,2011,"Littorinimorpha (small)","bAfter"
"178","2011_1",0,2011,"Littorinimorpha (small)","bAfter"
"179","2011_7",0,2011,"Littorinimorpha (small)","bAfter"
"180","2011_15",0,2011,"Littorinimorpha (small)","bAfter"
"181","2011_23",0,2011,"Littorinimorpha (small)","bAfter"
"182","2011_18",0,2011,"Littorinimorpha (small)","bAfter"
"183","2011_4",1,2011,"Littorinimorpha (small)","bAfter"
"184","2011_16",0,2011,"Littorinimorpha (small)","bAfter"
"185","2013_1",30,2013,"Littorinimorpha (small)","bAfter"
"186","2013_4",1,2013,"Littorinimorpha (small)","bAfter"
"187","2013_7",16,2013,"Littorinimorpha (small)","bAfter"
"188","2013_15",16,2013,"Littorinimorpha (small)","bAfter"
"189","2013_18",1,2013,"Littorinimorpha (small)","bAfter"
"190","2013_21",43,2013,"Littorinimorpha (small)","bAfter"
"191","2013_24",0,2013,"Littorinimorpha (small)","bAfter"
"192","2013_27",0,2013,"Littorinimorpha (small)","bAfter"
"193","2013_35",2,2013,"Littorinimorpha (small)","bAfter"
"194","2013_38",3,2013,"Littorinimorpha (small)","bAfter"
"195","2013_41",51,2013,"Littorinimorpha (small)","bAfter"
"196","2013_5",9,2013,"Littorinimorpha (small)","bAfter"
"197","2013_14",16,2013,"Littorinimorpha (small)","bAfter"
"198","2013_11",5,2013,"Littorinimorpha (small)","bAfter"
"199","2013_34",8,2013,"Littorinimorpha (small)","bAfter"
"200","2013_28",27,2013,"Littorinimorpha (small)","bAfter"
"201","2013_25",2,2013,"Littorinimorpha (small)","bAfter"
"202","2013_17",3,2013,"Littorinimorpha (small)","bAfter"
"203","2013_37",9,2013,"Littorinimorpha (small)","bAfter"
"204","2013_31",1,2013,"Littorinimorpha (small)","bAfter"
"205","2013_8",6,2013,"Littorinimorpha (small)","bAfter"
"206","2013_2",21,2013,"Littorinimorpha (small)","bAfter"
"207","2013_10",4,2013,"Littorinimorpha (small)","bAfter"
"208","2013_13",12,2013,"Littorinimorpha (small)","bAfter"
"209","2013_16",9,2013,"Littorinimorpha (small)","bAfter"
"210","2013_19",12,2013,"Littorinimorpha (small)","bAfter"
"211","2013_22",4,2013,"Littorinimorpha (small)","bAfter"
"212","2013_30",2,2013,"Littorinimorpha (small)","bAfter"
"213","2013_33",4,2013,"Littorinimorpha (small)","bAfter"
"214","2013_36",1,2013,"Littorinimorpha (small)","bAfter"
"215","2013_39",43,2013,"Littorinimorpha (small)","bAfter"
"216","2013_42",45,2013,"Littorinimorpha (small)","bAfter"
"217","2013_12",7,2013,"Littorinimorpha (small)","bAfter"
"218","2013_29",0,2013,"Littorinimorpha (small)","bAfter"
"219","2013_6",17,2013,"Littorinimorpha (small)","bAfter"
"220","2013_32",14,2013,"Littorinimorpha (small)","bAfter"
"221","2013_9",1,2013,"Littorinimorpha (small)","bAfter"
"222","2013_23",1,2013,"Littorinimorpha (small)","bAfter"
"223","2013_40",14,2013,"Littorinimorpha (small)","bAfter"
"224","2013_20",1,2013,"Littorinimorpha (small)","bAfter"
"225","2013_26",3,2013,"Littorinimorpha (small)","bAfter"
"226","2013_3",13,2013,"Littorinimorpha (small)","bAfter"
"227","2015_27",0,2015,"Littorinimorpha (small)","bAfter"
"228","2015_1",0,2015,"Littorinimorpha (small)","bAfter"
"229","2015_31",0,2015,"Littorinimorpha (small)","bAfter"
"230","2015_37",0,2015,"Littorinimorpha (small)","bAfter"
"231","2015_7",0,2015,"Littorinimorpha (small)","bAfter"
"232","2015_18",0,2015,"Littorinimorpha (small)","bAfter"
"233","2015_10",0,2015,"Littorinimorpha (small)","bAfter"
"234","2015_28",25,2015,"Littorinimorpha (small)","bAfter"
"235","2015_15",4,2015,"Littorinimorpha (small)","bAfter"
"236","2015_34",2,2015,"Littorinimorpha (small)","bAfter"
"237","2015_30",26,2015,"Littorinimorpha (small)","bAfter"
"238","2015_12",0,2015,"Littorinimorpha (small)","bAfter"
"239","2015_17",2,2015,"Littorinimorpha (small)","bAfter"
"240","2015_36",1,2015,"Littorinimorpha (small)","bAfter"
"241","2015_24",1,2015,"Littorinimorpha (small)","bAfter"
"242","2015_39",3,2015,"Littorinimorpha (small)","bAfter"
"243","2015_14",0,2015,"Littorinimorpha (small)","bAfter"
"244","2015_20",4,2015,"Littorinimorpha (small)","bAfter"
"245","2015_42",2,2015,"Littorinimorpha (small)","bAfter"
"246","2015_4",0,2015,"Littorinimorpha (small)","bAfter"
"247","2015_33",0,2015,"Littorinimorpha (small)","bAfter"
"248","2015_2",0,2015,"Littorinimorpha (small)","bAfter"
"249","2015_5",0,2015,"Littorinimorpha (small)","bAfter"
"250","2015_8",0,2015,"Littorinimorpha (small)","bAfter"
"251","2015_11",0,2015,"Littorinimorpha (small)","bAfter"
"252","2015_13",0,2015,"Littorinimorpha (small)","bAfter"
"253","2015_21",7,2015,"Littorinimorpha (small)","bAfter"
"254","2015_22",0,2015,"Littorinimorpha (small)","bAfter"
"255","2015_25",13,2015,"Littorinimorpha (small)","bAfter"
"256","2015_29",39,2015,"Littorinimorpha (small)","bAfter"
"257","2015_32",1,2015,"Littorinimorpha (small)","bAfter"
"258","2015_35",0,2015,"Littorinimorpha (small)","bAfter"
"259","2015_40",2,2015,"Littorinimorpha (small)","bAfter"
"260","2015_3",0,2015,"Littorinimorpha (small)","bAfter"
"261","2015_6",0,2015,"Littorinimorpha (small)","bAfter"
"262","2015_9",0,2015,"Littorinimorpha (small)","bAfter"
"263","2015_16",1,2015,"Littorinimorpha (small)","bAfter"
"264","2015_19",0,2015,"Littorinimorpha (small)","bAfter"
"265","2015_23",0,2015,"Littorinimorpha (small)","bAfter"
"266","2015_26",0,2015,"Littorinimorpha (small)","bAfter"
"267","2015_38",0,2015,"Littorinimorpha (small)","bAfter"
"268","2015_41",0,2015,"Littorinimorpha (small)","bAfter"
"269","2007_3",0,2007,"Littorinimorpha (large)","aBefore"
"270","2007_6",1,2007,"Littorinimorpha (large)","aBefore"
"271","2007_9",4,2007,"Littorinimorpha (large)","aBefore"
"272","2007_17",1,2007,"Littorinimorpha (large)","aBefore"
"273","2007_20",0,2007,"Littorinimorpha (large)","aBefore"
"274","2007_19",0,2007,"Littorinimorpha (large)","aBefore"
"275","2007_2",0,2007,"Littorinimorpha (large)","aBefore"
"276","2007_5",0,2007,"Littorinimorpha (large)","aBefore"
"277","2007_8",0,2007,"Littorinimorpha (large)","aBefore"
"278","2007_11",0,2007,"Littorinimorpha (large)","aBefore"
"279","2007_14",5,2007,"Littorinimorpha (large)","aBefore"
"280","2007_13",0,2007,"Littorinimorpha (large)","aBefore"
"281","2007_7",0,2007,"Littorinimorpha (large)","aBefore"
"282","2007_16",0,2007,"Littorinimorpha (large)","aBefore"
"283","2007_10",0,2007,"Littorinimorpha (large)","aBefore"
"284","2007_18",0,2007,"Littorinimorpha (large)","aBefore"
"285","2007_12",1,2007,"Littorinimorpha (large)","aBefore"
"286","2007_4",0,2007,"Littorinimorpha (large)","aBefore"
"287","2007_1",1,2007,"Littorinimorpha (large)","aBefore"
"288","2007_15",2,2007,"Littorinimorpha (large)","aBefore"
"289","2011_5",0,2011,"Littorinimorpha (large)","bAfter"
"290","2011_8",0,2011,"Littorinimorpha (large)","bAfter"
"291","2011_11",0,2011,"Littorinimorpha (large)","bAfter"
"292","2011_14",0,2011,"Littorinimorpha (large)","bAfter"
"293","2011_17",1,2011,"Littorinimorpha (large)","bAfter"
"294","2011_21",0,2011,"Littorinimorpha (large)","bAfter"
"295","2011_24",0,2011,"Littorinimorpha (large)","bAfter"
"296","2011_27",0,2011,"Littorinimorpha (large)","bAfter"
"297","2011_30",0,2011,"Littorinimorpha (large)","bAfter"
"298","2011_2",0,2011,"Littorinimorpha (large)","bAfter"
"299","2011_3",0,2011,"Littorinimorpha (large)","bAfter"
"300","2011_6",0,2011,"Littorinimorpha (large)","bAfter"
"301","2011_9",0,2011,"Littorinimorpha (large)","bAfter"
"302","2011_12",0,2011,"Littorinimorpha (large)","bAfter"
"303","2011_20",0,2011,"Littorinimorpha (large)","bAfter"
"304","2011_22",0,2011,"Littorinimorpha (large)","bAfter"
"305","2011_25",0,2011,"Littorinimorpha (large)","bAfter"
"306","2011_28",0,2011,"Littorinimorpha (large)","bAfter"
"307","2011_10",0,2011,"Littorinimorpha (large)","bAfter"
"308","2011_26",1,2011,"Littorinimorpha (large)","bAfter"
"309","2011_19",0,2011,"Littorinimorpha (large)","bAfter"
"310","2011_29",0,2011,"Littorinimorpha (large)","bAfter"
"311","2011_13",0,2011,"Littorinimorpha (large)","bAfter"
"312","2011_1",0,2011,"Littorinimorpha (large)","bAfter"
"313","2011_7",0,2011,"Littorinimorpha (large)","bAfter"
"314","2011_15",0,2011,"Littorinimorpha (large)","bAfter"
"315","2011_23",0,2011,"Littorinimorpha (large)","bAfter"
"316","2011_18",0,2011,"Littorinimorpha (large)","bAfter"
"317","2011_4",0,2011,"Littorinimorpha (large)","bAfter"
"318","2011_16",0,2011,"Littorinimorpha (large)","bAfter"
"319","2013_1",0,2013,"Littorinimorpha (large)","bAfter"
"320","2013_4",0,2013,"Littorinimorpha (large)","bAfter"
"321","2013_7",0,2013,"Littorinimorpha (large)","bAfter"
"322","2013_15",0,2013,"Littorinimorpha (large)","bAfter"
"323","2013_18",0,2013,"Littorinimorpha (large)","bAfter"
"324","2013_21",0,2013,"Littorinimorpha (large)","bAfter"
"325","2013_24",0,2013,"Littorinimorpha (large)","bAfter"
"326","2013_27",0,2013,"Littorinimorpha (large)","bAfter"
"327","2013_35",0,2013,"Littorinimorpha (large)","bAfter"
"328","2013_38",0,2013,"Littorinimorpha (large)","bAfter"
"329","2013_41",0,2013,"Littorinimorpha (large)","bAfter"
"330","2013_5",0,2013,"Littorinimorpha (large)","bAfter"
"331","2013_14",0,2013,"Littorinimorpha (large)","bAfter"
"332","2013_11",0,2013,"Littorinimorpha (large)","bAfter"
"333","2013_34",0,2013,"Littorinimorpha (large)","bAfter"
"334","2013_28",0,2013,"Littorinimorpha (large)","bAfter"
"335","2013_25",0,2013,"Littorinimorpha (large)","bAfter"
"336","2013_17",0,2013,"Littorinimorpha (large)","bAfter"
"337","2013_37",0,2013,"Littorinimorpha (large)","bAfter"
"338","2013_31",0,2013,"Littorinimorpha (large)","bAfter"
"339","2013_8",0,2013,"Littorinimorpha (large)","bAfter"
"340","2013_2",0,2013,"Littorinimorpha (large)","bAfter"
"341","2013_10",0,2013,"Littorinimorpha (large)","bAfter"
"342","2013_13",0,2013,"Littorinimorpha (large)","bAfter"
"343","2013_16",0,2013,"Littorinimorpha (large)","bAfter"
"344","2013_19",0,2013,"Littorinimorpha (large)","bAfter"
"345","2013_22",0,2013,"Littorinimorpha (large)","bAfter"
"346","2013_30",0,2013,"Littorinimorpha (large)","bAfter"
"347","2013_33",0,2013,"Littorinimorpha (large)","bAfter"
"348","2013_36",0,2013,"Littorinimorpha (large)","bAfter"
"349","2013_39",0,2013,"Littorinimorpha (large)","bAfter"
"350","2013_42",0,2013,"Littorinimorpha (large)","bAfter"
"351","2013_12",1,2013,"Littorinimorpha (large)","bAfter"
"352","2013_29",0,2013,"Littorinimorpha (large)","bAfter"
"353","2013_6",0,2013,"Littorinimorpha (large)","bAfter"
"354","2013_32",0,2013,"Littorinimorpha (large)","bAfter"
"355","2013_9",0,2013,"Littorinimorpha (large)","bAfter"
"356","2013_23",0,2013,"Littorinimorpha (large)","bAfter"
"357","2013_40",0,2013,"Littorinimorpha (large)","bAfter"
"358","2013_20",0,2013,"Littorinimorpha (large)","bAfter"
"359","2013_26",0,2013,"Littorinimorpha (large)","bAfter"
"360","2013_3",0,2013,"Littorinimorpha (large)","bAfter"
"361","2015_27",0,2015,"Littorinimorpha (large)","bAfter"
"362","2015_1",0,2015,"Littorinimorpha (large)","bAfter"
"363","2015_31",0,2015,"Littorinimorpha (large)","bAfter"
"364","2015_37",0,2015,"Littorinimorpha (large)","bAfter"
"365","2015_7",0,2015,"Littorinimorpha (large)","bAfter"
"366","2015_18",0,2015,"Littorinimorpha (large)","bAfter"
"367","2015_10",0,2015,"Littorinimorpha (large)","bAfter"
"368","2015_28",0,2015,"Littorinimorpha (large)","bAfter"
"369","2015_15",0,2015,"Littorinimorpha (large)","bAfter"
"370","2015_34",0,2015,"Littorinimorpha (large)","bAfter"
"371","2015_30",0,2015,"Littorinimorpha (large)","bAfter"
"372","2015_12",0,2015,"Littorinimorpha (large)","bAfter"
"373","2015_17",0,2015,"Littorinimorpha (large)","bAfter"
"374","2015_36",0,2015,"Littorinimorpha (large)","bAfter"
"375","2015_24",0,2015,"Littorinimorpha (large)","bAfter"
"376","2015_39",0,2015,"Littorinimorpha (large)","bAfter"
"377","2015_14",0,2015,"Littorinimorpha (large)","bAfter"
"378","2015_20",0,2015,"Littorinimorpha (large)","bAfter"
"379","2015_42",0,2015,"Littorinimorpha (large)","bAfter"
"380","2015_4",0,2015,"Littorinimorpha (large)","bAfter"
"381","2015_33",0,2015,"Littorinimorpha (large)","bAfter"
"382","2015_2",0,2015,"Littorinimorpha (large)","bAfter"
"383","2015_5",0,2015,"Littorinimorpha (large)","bAfter"
"384","2015_8",0,2015,"Littorinimorpha (large)","bAfter"
"385","2015_11",0,2015,"Littorinimorpha (large)","bAfter"
"386","2015_13",0,2015,"Littorinimorpha (large)","bAfter"
"387","2015_21",0,2015,"Littorinimorpha (large)","bAfter"
"388","2015_22",0,2015,"Littorinimorpha (large)","bAfter"
"389","2015_25",0,2015,"Littorinimorpha (large)","bAfter"
"390","2015_29",0,2015,"Littorinimorpha (large)","bAfter"
"391","2015_32",0,2015,"Littorinimorpha (large)","bAfter"
"392","2015_35",0,2015,"Littorinimorpha (large)","bAfter"
"393","2015_40",0,2015,"Littorinimorpha (large)","bAfter"
"394","2015_3",0,2015,"Littorinimorpha (large)","bAfter"
"395","2015_6",0,2015,"Littorinimorpha (large)","bAfter"
"396","2015_9",0,2015,"Littorinimorpha (large)","bAfter"
"397","2015_16",0,2015,"Littorinimorpha (large)","bAfter"
"398","2015_19",0,2015,"Littorinimorpha (large)","bAfter"
"399","2015_23",0,2015,"Littorinimorpha (large)","bAfter"
"400","2015_26",0,2015,"Littorinimorpha (large)","bAfter"
"401","2015_38",0,2015,"Littorinimorpha (large)","bAfter"
"402","2015_41",0,2015,"Littorinimorpha (large)","bAfter"
"403","2007_3",3,2007,"Neritidae","aBefore"
"404","2007_6",13,2007,"Neritidae","aBefore"
"405","2007_9",3,2007,"Neritidae","aBefore"
"406","2007_17",6,2007,"Neritidae","aBefore"
"407","2007_20",3,2007,"Neritidae","aBefore"
"408","2007_19",7,2007,"Neritidae","aBefore"
"409","2007_2",0,2007,"Neritidae","aBefore"
"410","2007_5",0,2007,"Neritidae","aBefore"
"411","2007_8",5,2007,"Neritidae","aBefore"
"412","2007_11",0,2007,"Neritidae","aBefore"
"413","2007_14",42,2007,"Neritidae","aBefore"
"414","2007_13",9,2007,"Neritidae","aBefore"
"415","2007_7",13,2007,"Neritidae","aBefore"
"416","2007_16",0,2007,"Neritidae","aBefore"
"417","2007_10",0,2007,"Neritidae","aBefore"
"418","2007_18",0,2007,"Neritidae","aBefore"
"419","2007_12",32,2007,"Neritidae","aBefore"
"420","2007_4",0,2007,"Neritidae","aBefore"
"421","2007_1",5,2007,"Neritidae","aBefore"
"422","2007_15",9,2007,"Neritidae","aBefore"
"423","2011_5",0,2011,"Neritidae","bAfter"
"424","2011_8",0,2011,"Neritidae","bAfter"
"425","2011_11",0,2011,"Neritidae","bAfter"
"426","2011_14",0,2011,"Neritidae","bAfter"
"427","2011_17",0,2011,"Neritidae","bAfter"
"428","2011_21",0,2011,"Neritidae","bAfter"
"429","2011_24",0,2011,"Neritidae","bAfter"
"430","2011_27",0,2011,"Neritidae","bAfter"
"431","2011_30",0,2011,"Neritidae","bAfter"
"432","2011_2",0,2011,"Neritidae","bAfter"
"433","2011_3",0,2011,"Neritidae","bAfter"
"434","2011_6",0,2011,"Neritidae","bAfter"
"435","2011_9",0,2011,"Neritidae","bAfter"
"436","2011_12",0,2011,"Neritidae","bAfter"
"437","2011_20",0,2011,"Neritidae","bAfter"
"438","2011_22",0,2011,"Neritidae","bAfter"
"439","2011_25",0,2011,"Neritidae","bAfter"
"440","2011_28",1,2011,"Neritidae","bAfter"
"441","2011_10",0,2011,"Neritidae","bAfter"
"442","2011_26",0,2011,"Neritidae","bAfter"
"443","2011_19",0,2011,"Neritidae","bAfter"
"444","2011_29",0,2011,"Neritidae","bAfter"
"445","2011_13",0,2011,"Neritidae","bAfter"
"446","2011_1",0,2011,"Neritidae","bAfter"
"447","2011_7",0,2011,"Neritidae","bAfter"
"448","2011_15",0,2011,"Neritidae","bAfter"
"449","2011_23",0,2011,"Neritidae","bAfter"
"450","2011_18",0,2011,"Neritidae","bAfter"
"451","2011_4",0,2011,"Neritidae","bAfter"
"452","2011_16",0,2011,"Neritidae","bAfter"
"453","2013_1",2,2013,"Neritidae","bAfter"
"454","2013_4",0,2013,"Neritidae","bAfter"
"455","2013_7",0,2013,"Neritidae","bAfter"
"456","2013_15",1,2013,"Neritidae","bAfter"
"457","2013_18",0,2013,"Neritidae","bAfter"
"458","2013_21",1,2013,"Neritidae","bAfter"
"459","2013_24",0,2013,"Neritidae","bAfter"
"460","2013_27",0,2013,"Neritidae","bAfter"
"461","2013_35",0,2013,"Neritidae","bAfter"
"462","2013_38",0,2013,"Neritidae","bAfter"
"463","2013_41",1,2013,"Neritidae","bAfter"
"464","2013_5",0,2013,"Neritidae","bAfter"
"465","2013_14",0,2013,"Neritidae","bAfter"
"466","2013_11",0,2013,"Neritidae","bAfter"
"467","2013_34",1,2013,"Neritidae","bAfter"
"468","2013_28",0,2013,"Neritidae","bAfter"
"469","2013_25",1,2013,"Neritidae","bAfter"
"470","2013_17",1,2013,"Neritidae","bAfter"
"471","2013_37",0,2013,"Neritidae","bAfter"
"472","2013_31",0,2013,"Neritidae","bAfter"
"473","2013_8",0,2013,"Neritidae","bAfter"
"474","2013_2",1,2013,"Neritidae","bAfter"
"475","2013_10",0,2013,"Neritidae","bAfter"
"476","2013_13",0,2013,"Neritidae","bAfter"
"477","2013_16",0,2013,"Neritidae","bAfter"
"478","2013_19",2,2013,"Neritidae","bAfter"
"479","2013_22",1,2013,"Neritidae","bAfter"
"480","2013_30",0,2013,"Neritidae","bAfter"
"481","2013_33",0,2013,"Neritidae","bAfter"
"482","2013_36",1,2013,"Neritidae","bAfter"
"483","2013_39",1,2013,"Neritidae","bAfter"
"484","2013_42",2,2013,"Neritidae","bAfter"
"485","2013_12",3,2013,"Neritidae","bAfter"
"486","2013_29",0,2013,"Neritidae","bAfter"
"487","2013_6",1,2013,"Neritidae","bAfter"
"488","2013_32",1,2013,"Neritidae","bAfter"
"489","2013_9",0,2013,"Neritidae","bAfter"
"490","2013_23",0,2013,"Neritidae","bAfter"
"491","2013_40",0,2013,"Neritidae","bAfter"
"492","2013_20",0,2013,"Neritidae","bAfter"
"493","2013_26",0,2013,"Neritidae","bAfter"
"494","2013_3",0,2013,"Neritidae","bAfter"
"495","2015_27",0,2015,"Neritidae","bAfter"
"496","2015_1",0,2015,"Neritidae","bAfter"
"497","2015_31",0,2015,"Neritidae","bAfter"
"498","2015_37",0,2015,"Neritidae","bAfter"
"499","2015_7",0,2015,"Neritidae","bAfter"
"500","2015_18",0,2015,"Neritidae","bAfter"
"501","2015_10",0,2015,"Neritidae","bAfter"
"502","2015_28",0,2015,"Neritidae","bAfter"
"503","2015_15",0,2015,"Neritidae","bAfter"
"504","2015_34",0,2015,"Neritidae","bAfter"
"505","2015_30",0,2015,"Neritidae","bAfter"
"506","2015_12",0,2015,"Neritidae","bAfter"
"507","2015_17",0,2015,"Neritidae","bAfter"
"508","2015_36",0,2015,"Neritidae","bAfter"
"509","2015_24",0,2015,"Neritidae","bAfter"
"510","2015_39",0,2015,"Neritidae","bAfter"
"511","2015_14",0,2015,"Neritidae","bAfter"
"512","2015_20",0,2015,"Neritidae","bAfter"
"513","2015_42",0,2015,"Neritidae","bAfter"
"514","2015_4",0,2015,"Neritidae","bAfter"
"515","2015_33",0,2015,"Neritidae","bAfter"
"516","2015_2",0,2015,"Neritidae","bAfter"
"517","2015_5",0,2015,"Neritidae","bAfter"
"518","2015_8",0,2015,"Neritidae","bAfter"
"519","2015_11",0,2015,"Neritidae","bAfter"
"520","2015_13",0,2015,"Neritidae","bAfter"
"521","2015_21",0,2015,"Neritidae","bAfter"
"522","2015_22",0,2015,"Neritidae","bAfter"
"523","2015_25",0,2015,"Neritidae","bAfter"
"524","2015_29",0,2015,"Neritidae","bAfter"
"525","2015_32",0,2015,"Neritidae","bAfter"
"526","2015_35",0,2015,"Neritidae","bAfter"
"527","2015_40",0,2015,"Neritidae","bAfter"
"528","2015_3",0,2015,"Neritidae","bAfter"
"529","2015_6",0,2015,"Neritidae","bAfter"
"530","2015_9",0,2015,"Neritidae","bAfter"
"531","2015_16",0,2015,"Neritidae","bAfter"
"532","2015_19",0,2015,"Neritidae","bAfter"
"533","2015_23",0,2015,"Neritidae","bAfter"
"534","2015_26",0,2015,"Neritidae","bAfter"
"535","2015_38",0,2015,"Neritidae","bAfter"
"536","2015_41",0,2015,"Neritidae","bAfter"
"537","2007_3",2,2007,"Cardiidae","aBefore"
"538","2007_6",7,2007,"Cardiidae","aBefore"
"539","2007_9",3,2007,"Cardiidae","aBefore"
"540","2007_17",15,2007,"Cardiidae","aBefore"
"541","2007_20",3,2007,"Cardiidae","aBefore"
"542","2007_19",6,2007,"Cardiidae","aBefore"
"543","2007_2",2,2007,"Cardiidae","aBefore"
"544","2007_5",0,2007,"Cardiidae","aBefore"
"545","2007_8",22,2007,"Cardiidae","aBefore"
"546","2007_11",3,2007,"Cardiidae","aBefore"
"547","2007_14",12,2007,"Cardiidae","aBefore"
"548","2007_13",35,2007,"Cardiidae","aBefore"
"549","2007_7",25,2007,"Cardiidae","aBefore"
"550","2007_16",1,2007,"Cardiidae","aBefore"
"551","2007_10",1,2007,"Cardiidae","aBefore"
"552","2007_18",0,2007,"Cardiidae","aBefore"
"553","2007_12",51,2007,"Cardiidae","aBefore"
"554","2007_4",3,2007,"Cardiidae","aBefore"
"555","2007_1",9,2007,"Cardiidae","aBefore"
"556","2007_15",6,2007,"Cardiidae","aBefore"
"557","2011_5",2,2011,"Cardiidae","bAfter"
"558","2011_8",0,2011,"Cardiidae","bAfter"
"559","2011_11",0,2011,"Cardiidae","bAfter"
"560","2011_14",0,2011,"Cardiidae","bAfter"
"561","2011_17",5,2011,"Cardiidae","bAfter"
"562","2011_21",1,2011,"Cardiidae","bAfter"
"563","2011_24",0,2011,"Cardiidae","bAfter"
"564","2011_27",0,2011,"Cardiidae","bAfter"
"565","2011_30",2,2011,"Cardiidae","bAfter"
"566","2011_2",0,2011,"Cardiidae","bAfter"
"567","2011_3",0,2011,"Cardiidae","bAfter"
"568","2011_6",1,2011,"Cardiidae","bAfter"
"569","2011_9",0,2011,"Cardiidae","bAfter"
"570","2011_12",0,2011,"Cardiidae","bAfter"
"571","2011_20",0,2011,"Cardiidae","bAfter"
"572","2011_22",0,2011,"Cardiidae","bAfter"
"573","2011_25",1,2011,"Cardiidae","bAfter"
"574","2011_28",0,2011,"Cardiidae","bAfter"
"575","2011_10",0,2011,"Cardiidae","bAfter"
"576","2011_26",1,2011,"Cardiidae","bAfter"
"577","2011_19",0,2011,"Cardiidae","bAfter"
"578","2011_29",0,2011,"Cardiidae","bAfter"
"579","2011_13",0,2011,"Cardiidae","bAfter"
"580","2011_1",0,2011,"Cardiidae","bAfter"
"581","2011_7",1,2011,"Cardiidae","bAfter"
"582","2011_15",0,2011,"Cardiidae","bAfter"
"583","2011_23",0,2011,"Cardiidae","bAfter"
"584","2011_18",0,2011,"Cardiidae","bAfter"
"585","2011_4",0,2011,"Cardiidae","bAfter"
"586","2011_16",0,2011,"Cardiidae","bAfter"
"587","2013_1",0,2013,"Cardiidae","bAfter"
"588","2013_4",0,2013,"Cardiidae","bAfter"
"589","2013_7",0,2013,"Cardiidae","bAfter"
"590","2013_15",1,2013,"Cardiidae","bAfter"
"591","2013_18",0,2013,"Cardiidae","bAfter"
"592","2013_21",0,2013,"Cardiidae","bAfter"
"593","2013_24",1,2013,"Cardiidae","bAfter"
"594","2013_27",1,2013,"Cardiidae","bAfter"
"595","2013_35",0,2013,"Cardiidae","bAfter"
"596","2013_38",0,2013,"Cardiidae","bAfter"
"597","2013_41",0,2013,"Cardiidae","bAfter"
"598","2013_5",0,2013,"Cardiidae","bAfter"
"599","2013_14",0,2013,"Cardiidae","bAfter"
"600","2013_11",0,2013,"Cardiidae","bAfter"
"601","2013_34",0,2013,"Cardiidae","bAfter"
"602","2013_28",1,2013,"Cardiidae","bAfter"
"603","2013_25",0,2013,"Cardiidae","bAfter"
"604","2013_17",0,2013,"Cardiidae","bAfter"
"605","2013_37",0,2013,"Cardiidae","bAfter"
"606","2013_31",0,2013,"Cardiidae","bAfter"
"607","2013_8",0,2013,"Cardiidae","bAfter"
"608","2013_2",0,2013,"Cardiidae","bAfter"
"609","2013_10",0,2013,"Cardiidae","bAfter"
"610","2013_13",0,2013,"Cardiidae","bAfter"
"611","2013_16",1,2013,"Cardiidae","bAfter"
"612","2013_19",0,2013,"Cardiidae","bAfter"
"613","2013_22",1,2013,"Cardiidae","bAfter"
"614","2013_30",0,2013,"Cardiidae","bAfter"
"615","2013_33",0,2013,"Cardiidae","bAfter"
"616","2013_36",0,2013,"Cardiidae","bAfter"
"617","2013_39",0,2013,"Cardiidae","bAfter"
"618","2013_42",0,2013,"Cardiidae","bAfter"
"619","2013_12",1,2013,"Cardiidae","bAfter"
"620","2013_29",0,2013,"Cardiidae","bAfter"
"621","2013_6",0,2013,"Cardiidae","bAfter"
"622","2013_32",0,2013,"Cardiidae","bAfter"
"623","2013_9",0,2013,"Cardiidae","bAfter"
"624","2013_23",0,2013,"Cardiidae","bAfter"
"625","2013_40",0,2013,"Cardiidae","bAfter"
"626","2013_20",0,2013,"Cardiidae","bAfter"
"627","2013_26",0,2013,"Cardiidae","bAfter"
"628","2013_3",0,2013,"Cardiidae","bAfter"
"629","2015_27",1,2015,"Cardiidae","bAfter"
"630","2015_1",0,2015,"Cardiidae","bAfter"
"631","2015_31",0,2015,"Cardiidae","bAfter"
"632","2015_37",0,2015,"Cardiidae","bAfter"
"633","2015_7",0,2015,"Cardiidae","bAfter"
"634","2015_18",0,2015,"Cardiidae","bAfter"
"635","2015_10",0,2015,"Cardiidae","bAfter"
"636","2015_28",0,2015,"Cardiidae","bAfter"
"637","2015_15",0,2015,"Cardiidae","bAfter"
"638","2015_34",0,2015,"Cardiidae","bAfter"
"639","2015_30",0,2015,"Cardiidae","bAfter"
"640","2015_12",0,2015,"Cardiidae","bAfter"
"641","2015_17",0,2015,"Cardiidae","bAfter"
"642","2015_36",0,2015,"Cardiidae","bAfter"
"643","2015_24",0,2015,"Cardiidae","bAfter"
"644","2015_39",0,2015,"Cardiidae","bAfter"
"645","2015_14",2,2015,"Cardiidae","bAfter"
"646","2015_20",0,2015,"Cardiidae","bAfter"
"647","2015_42",0,2015,"Cardiidae","bAfter"
"648","2015_4",0,2015,"Cardiidae","bAfter"
"649","2015_33",0,2015,"Cardiidae","bAfter"
"650","2015_2",0,2015,"Cardiidae","bAfter"
"651","2015_5",0,2015,"Cardiidae","bAfter"
"652","2015_8",0,2015,"Cardiidae","bAfter"
"653","2015_11",0,2015,"Cardiidae","bAfter"
"654","2015_13",0,2015,"Cardiidae","bAfter"
"655","2015_21",0,2015,"Cardiidae","bAfter"
"656","2015_22",0,2015,"Cardiidae","bAfter"
"657","2015_25",0,2015,"Cardiidae","bAfter"
"658","2015_29",0,2015,"Cardiidae","bAfter"
"659","2015_32",1,2015,"Cardiidae","bAfter"
"660","2015_35",0,2015,"Cardiidae","bAfter"
"661","2015_40",0,2015,"Cardiidae","bAfter"
"662","2015_3",1,2015,"Cardiidae","bAfter"
"663","2015_6",0,2015,"Cardiidae","bAfter"
"664","2015_9",0,2015,"Cardiidae","bAfter"
"665","2015_16",2,2015,"Cardiidae","bAfter"
"666","2015_19",0,2015,"Cardiidae","bAfter"
"667","2015_23",0,2015,"Cardiidae","bAfter"
"668","2015_26",0,2015,"Cardiidae","bAfter"
"669","2015_38",0,2015,"Cardiidae","bAfter"
"670","2015_41",0,2015,"Cardiidae","bAfter"
"671","2007_3",0,2007,"Mytilidae","aBefore"
"672","2007_6",1,2007,"Mytilidae","aBefore"
"673","2007_9",0,2007,"Mytilidae","aBefore"
"674","2007_17",0,2007,"Mytilidae","aBefore"
"675","2007_20",1,2007,"Mytilidae","aBefore"
"676","2007_19",2,2007,"Mytilidae","aBefore"
"677","2007_2",0,2007,"Mytilidae","aBefore"
"678","2007_5",0,2007,"Mytilidae","aBefore"
"679","2007_8",2,2007,"Mytilidae","aBefore"
"680","2007_11",0,2007,"Mytilidae","aBefore"
"681","2007_14",2,2007,"Mytilidae","aBefore"
"682","2007_13",0,2007,"Mytilidae","aBefore"
"683","2007_7",6,2007,"Mytilidae","aBefore"
"684","2007_16",0,2007,"Mytilidae","aBefore"
"685","2007_10",0,2007,"Mytilidae","aBefore"
"686","2007_18",0,2007,"Mytilidae","aBefore"
"687","2007_12",6,2007,"Mytilidae","aBefore"
"688","2007_4",1,2007,"Mytilidae","aBefore"
"689","2007_1",1,2007,"Mytilidae","aBefore"
"690","2007_15",1,2007,"Mytilidae","aBefore"
"691","2011_5",0,2011,"Mytilidae","bAfter"
"692","2011_8",0,2011,"Mytilidae","bAfter"
"693","2011_11",0,2011,"Mytilidae","bAfter"
"694","2011_14",0,2011,"Mytilidae","bAfter"
"695","2011_17",0,2011,"Mytilidae","bAfter"
"696","2011_21",0,2011,"Mytilidae","bAfter"
"697","2011_24",0,2011,"Mytilidae","bAfter"
"698","2011_27",0,2011,"Mytilidae","bAfter"
"699","2011_30",0,2011,"Mytilidae","bAfter"
"700","2011_2",0,2011,"Mytilidae","bAfter"
"701","2011_3",0,2011,"Mytilidae","bAfter"
"702","2011_6",0,2011,"Mytilidae","bAfter"
"703","2011_9",0,2011,"Mytilidae","bAfter"
"704","2011_12",0,2011,"Mytilidae","bAfter"
"705","2011_20",0,2011,"Mytilidae","bAfter"
"706","2011_22",0,2011,"Mytilidae","bAfter"
"707","2011_25",0,2011,"Mytilidae","bAfter"
"708","2011_28",3,2011,"Mytilidae","bAfter"
"709","2011_10",0,2011,"Mytilidae","bAfter"
"710","2011_26",2,2011,"Mytilidae","bAfter"
"711","2011_19",0,2011,"Mytilidae","bAfter"
"712","2011_29",1,2011,"Mytilidae","bAfter"
"713","2011_13",0,2011,"Mytilidae","bAfter"
"714","2011_1",0,2011,"Mytilidae","bAfter"
"715","2011_7",0,2011,"Mytilidae","bAfter"
"716","2011_15",1,2011,"Mytilidae","bAfter"
"717","2011_23",0,2011,"Mytilidae","bAfter"
"718","2011_18",0,2011,"Mytilidae","bAfter"
"719","2011_4",0,2011,"Mytilidae","bAfter"
"720","2011_16",0,2011,"Mytilidae","bAfter"
"721","2013_1",0,2013,"Mytilidae","bAfter"
"722","2013_4",5,2013,"Mytilidae","bAfter"
"723","2013_7",0,2013,"Mytilidae","bAfter"
"724","2013_15",11,2013,"Mytilidae","bAfter"
"725","2013_18",0,2013,"Mytilidae","bAfter"
"726","2013_21",4,2013,"Mytilidae","bAfter"
"727","2013_24",2,2013,"Mytilidae","bAfter"
"728","2013_27",4,2013,"Mytilidae","bAfter"
"729","2013_35",1,2013,"Mytilidae","bAfter"
"730","2013_38",0,2013,"Mytilidae","bAfter"
"731","2013_41",1,2013,"Mytilidae","bAfter"
"732","2013_5",2,2013,"Mytilidae","bAfter"
"733","2013_14",2,2013,"Mytilidae","bAfter"
"734","2013_11",0,2013,"Mytilidae","bAfter"
"735","2013_34",4,2013,"Mytilidae","bAfter"
"736","2013_28",2,2013,"Mytilidae","bAfter"
"737","2013_25",4,2013,"Mytilidae","bAfter"
"738","2013_17",0,2013,"Mytilidae","bAfter"
"739","2013_37",0,2013,"Mytilidae","bAfter"
"740","2013_31",0,2013,"Mytilidae","bAfter"
"741","2013_8",0,2013,"Mytilidae","bAfter"
"742","2013_2",1,2013,"Mytilidae","bAfter"
"743","2013_10",0,2013,"Mytilidae","bAfter"
"744","2013_13",0,2013,"Mytilidae","bAfter"
"745","2013_16",1,2013,"Mytilidae","bAfter"
"746","2013_19",0,2013,"Mytilidae","bAfter"
"747","2013_22",1,2013,"Mytilidae","bAfter"
"748","2013_30",1,2013,"Mytilidae","bAfter"
"749","2013_33",1,2013,"Mytilidae","bAfter"
"750","2013_36",2,2013,"Mytilidae","bAfter"
"751","2013_39",3,2013,"Mytilidae","bAfter"
"752","2013_42",2,2013,"Mytilidae","bAfter"
"753","2013_12",4,2013,"Mytilidae","bAfter"
"754","2013_29",1,2013,"Mytilidae","bAfter"
"755","2013_6",5,2013,"Mytilidae","bAfter"
"756","2013_32",2,2013,"Mytilidae","bAfter"
"757","2013_9",0,2013,"Mytilidae","bAfter"
"758","2013_23",0,2013,"Mytilidae","bAfter"
"759","2013_40",0,2013,"Mytilidae","bAfter"
"760","2013_20",1,2013,"Mytilidae","bAfter"
"761","2013_26",0,2013,"Mytilidae","bAfter"
"762","2013_3",0,2013,"Mytilidae","bAfter"
"763","2015_27",2,2015,"Mytilidae","bAfter"
"764","2015_1",0,2015,"Mytilidae","bAfter"
"765","2015_31",0,2015,"Mytilidae","bAfter"
"766","2015_37",0,2015,"Mytilidae","bAfter"
"767","2015_7",0,2015,"Mytilidae","bAfter"
"768","2015_18",1,2015,"Mytilidae","bAfter"
"769","2015_10",0,2015,"Mytilidae","bAfter"
"770","2015_28",11,2015,"Mytilidae","bAfter"
"771","2015_15",3,2015,"Mytilidae","bAfter"
"772","2015_34",2,2015,"Mytilidae","bAfter"
"773","2015_30",20,2015,"Mytilidae","bAfter"
"774","2015_12",0,2015,"Mytilidae","bAfter"
"775","2015_17",1,2015,"Mytilidae","bAfter"
"776","2015_36",4,2015,"Mytilidae","bAfter"
"777","2015_24",1,2015,"Mytilidae","bAfter"
"778","2015_39",3,2015,"Mytilidae","bAfter"
"779","2015_14",2,2015,"Mytilidae","bAfter"
"780","2015_20",1,2015,"Mytilidae","bAfter"
"781","2015_42",1,2015,"Mytilidae","bAfter"
"782","2015_4",0,2015,"Mytilidae","bAfter"
"783","2015_33",4,2015,"Mytilidae","bAfter"
"784","2015_2",1,2015,"Mytilidae","bAfter"
"785","2015_5",0,2015,"Mytilidae","bAfter"
"786","2015_8",2,2015,"Mytilidae","bAfter"
"787","2015_11",0,2015,"Mytilidae","bAfter"
"788","2015_13",5,2015,"Mytilidae","bAfter"
"789","2015_21",3,2015,"Mytilidae","bAfter"
"790","2015_22",0,2015,"Mytilidae","bAfter"
"791","2015_25",23,2015,"Mytilidae","bAfter"
"792","2015_29",7,2015,"Mytilidae","bAfter"
"793","2015_32",1,2015,"Mytilidae","bAfter"
"794","2015_35",0,2015,"Mytilidae","bAfter"
"795","2015_40",1,2015,"Mytilidae","bAfter"
"796","2015_3",1,2015,"Mytilidae","bAfter"
"797","2015_6",0,2015,"Mytilidae","bAfter"
"798","2015_9",2,2015,"Mytilidae","bAfter"
"799","2015_16",0,2015,"Mytilidae","bAfter"
"800","2015_19",0,2015,"Mytilidae","bAfter"
"801","2015_23",0,2015,"Mytilidae","bAfter"
"802","2015_26",0,2015,"Mytilidae","bAfter"
"803","2015_38",0,2015,"Mytilidae","bAfter"
"804","2015_41",1,2015,"Mytilidae","bAfter"
"805","2007_3",0,2007,"Nereididae","aBefore"
"806","2007_6",1,2007,"Nereididae","aBefore"
"807","2007_9",0,2007,"Nereididae","aBefore"
"808","2007_17",0,2007,"Nereididae","aBefore"
"809","2007_20",0,2007,"Nereididae","aBefore"
"810","2007_19",0,2007,"Nereididae","aBefore"
"811","2007_2",0,2007,"Nereididae","aBefore"
"812","2007_5",0,2007,"Nereididae","aBefore"
"813","2007_8",0,2007,"Nereididae","aBefore"
"814","2007_11",0,2007,"Nereididae","aBefore"
"815","2007_14",5,2007,"Nereididae","aBefore"
"816","2007_13",0,2007,"Nereididae","aBefore"
"817","2007_7",0,2007,"Nereididae","aBefore"
"818","2007_16",0,2007,"Nereididae","aBefore"
"819","2007_10",0,2007,"Nereididae","aBefore"
"820","2007_18",0,2007,"Nereididae","aBefore"
"821","2007_12",2,2007,"Nereididae","aBefore"
"822","2007_4",0,2007,"Nereididae","aBefore"
"823","2007_1",1,2007,"Nereididae","aBefore"
"824","2007_15",1,2007,"Nereididae","aBefore"
"825","2011_5",0,2011,"Nereididae","bAfter"
"826","2011_8",0,2011,"Nereididae","bAfter"
"827","2011_11",0,2011,"Nereididae","bAfter"
"828","2011_14",0,2011,"Nereididae","bAfter"
"829","2011_17",0,2011,"Nereididae","bAfter"
"830","2011_21",0,2011,"Nereididae","bAfter"
"831","2011_24",0,2011,"Nereididae","bAfter"
"832","2011_27",0,2011,"Nereididae","bAfter"
"833","2011_30",6,2011,"Nereididae","bAfter"
"834","2011_2",0,2011,"Nereididae","bAfter"
"835","2011_3",0,2011,"Nereididae","bAfter"
"836","2011_6",0,2011,"Nereididae","bAfter"
"837","2011_9",0,2011,"Nereididae","bAfter"
"838","2011_12",0,2011,"Nereididae","bAfter"
"839","2011_20",0,2011,"Nereididae","bAfter"
"840","2011_22",0,2011,"Nereididae","bAfter"
"841","2011_25",0,2011,"Nereididae","bAfter"
"842","2011_28",0,2011,"Nereididae","bAfter"
"843","2011_10",0,2011,"Nereididae","bAfter"
"844","2011_26",0,2011,"Nereididae","bAfter"
"845","2011_19",0,2011,"Nereididae","bAfter"
"846","2011_29",1,2011,"Nereididae","bAfter"
"847","2011_13",0,2011,"Nereididae","bAfter"
"848","2011_1",0,2011,"Nereididae","bAfter"
"849","2011_7",0,2011,"Nereididae","bAfter"
"850","2011_15",0,2011,"Nereididae","bAfter"
"851","2011_23",0,2011,"Nereididae","bAfter"
"852","2011_18",0,2011,"Nereididae","bAfter"
"853","2011_4",0,2011,"Nereididae","bAfter"
"854","2011_16",0,2011,"Nereididae","bAfter"
"855","2013_1",1,2013,"Nereididae","bAfter"
"856","2013_4",3,2013,"Nereididae","bAfter"
"857","2013_7",0,2013,"Nereididae","bAfter"
"858","2013_15",3,2013,"Nereididae","bAfter"
"859","2013_18",0,2013,"Nereididae","bAfter"
"860","2013_21",1,2013,"Nereididae","bAfter"
"861","2013_24",1,2013,"Nereididae","bAfter"
"862","2013_27",1,2013,"Nereididae","bAfter"
"863","2013_35",0,2013,"Nereididae","bAfter"
"864","2013_38",4,2013,"Nereididae","bAfter"
"865","2013_41",2,2013,"Nereididae","bAfter"
"866","2013_5",1,2013,"Nereididae","bAfter"
"867","2013_14",0,2013,"Nereididae","bAfter"
"868","2013_11",0,2013,"Nereididae","bAfter"
"869","2013_34",0,2013,"Nereididae","bAfter"
"870","2013_28",0,2013,"Nereididae","bAfter"
"871","2013_25",0,2013,"Nereididae","bAfter"
"872","2013_17",0,2013,"Nereididae","bAfter"
"873","2013_37",2,2013,"Nereididae","bAfter"
"874","2013_31",7,2013,"Nereididae","bAfter"
"875","2013_8",0,2013,"Nereididae","bAfter"
"876","2013_2",0,2013,"Nereididae","bAfter"
"877","2013_10",1,2013,"Nereididae","bAfter"
"878","2013_13",0,2013,"Nereididae","bAfter"
"879","2013_16",0,2013,"Nereididae","bAfter"
"880","2013_19",1,2013,"Nereididae","bAfter"
"881","2013_22",0,2013,"Nereididae","bAfter"
"882","2013_30",1,2013,"Nereididae","bAfter"
"883","2013_33",1,2013,"Nereididae","bAfter"
"884","2013_36",3,2013,"Nereididae","bAfter"
"885","2013_39",0,2013,"Nereididae","bAfter"
"886","2013_42",0,2013,"Nereididae","bAfter"
"887","2013_12",0,2013,"Nereididae","bAfter"
"888","2013_29",5,2013,"Nereididae","bAfter"
"889","2013_6",0,2013,"Nereididae","bAfter"
"890","2013_32",0,2013,"Nereididae","bAfter"
"891","2013_9",0,2013,"Nereididae","bAfter"
"892","2013_23",0,2013,"Nereididae","bAfter"
"893","2013_40",0,2013,"Nereididae","bAfter"
"894","2013_20",3,2013,"Nereididae","bAfter"
"895","2013_26",0,2013,"Nereididae","bAfter"
"896","2013_3",1,2013,"Nereididae","bAfter"
"897","2015_27",1,2015,"Nereididae","bAfter"
"898","2015_1",0,2015,"Nereididae","bAfter"
"899","2015_31",2,2015,"Nereididae","bAfter"
"900","2015_37",2,2015,"Nereididae","bAfter"
"901","2015_7",0,2015,"Nereididae","bAfter"
"902","2015_18",0,2015,"Nereididae","bAfter"
"903","2015_10",1,2015,"Nereididae","bAfter"
"904","2015_28",6,2015,"Nereididae","bAfter"
"905","2015_15",2,2015,"Nereididae","bAfter"
"906","2015_34",2,2015,"Nereididae","bAfter"
"907","2015_30",4,2015,"Nereididae","bAfter"
"908","2015_12",2,2015,"Nereididae","bAfter"
"909","2015_17",3,2015,"Nereididae","bAfter"
"910","2015_36",6,2015,"Nereididae","bAfter"
"911","2015_24",2,2015,"Nereididae","bAfter"
"912","2015_39",0,2015,"Nereididae","bAfter"
"913","2015_14",4,2015,"Nereididae","bAfter"
"914","2015_20",0,2015,"Nereididae","bAfter"
"915","2015_42",0,2015,"Nereididae","bAfter"
"916","2015_4",0,2015,"Nereididae","bAfter"
"917","2015_33",0,2015,"Nereididae","bAfter"
"918","2015_2",3,2015,"Nereididae","bAfter"
"919","2015_5",0,2015,"Nereididae","bAfter"
"920","2015_8",4,2015,"Nereididae","bAfter"
"921","2015_11",1,2015,"Nereididae","bAfter"
"922","2015_13",0,2015,"Nereididae","bAfter"
"923","2015_21",2,2015,"Nereididae","bAfter"
"924","2015_22",0,2015,"Nereididae","bAfter"
"925","2015_25",2,2015,"Nereididae","bAfter"
"926","2015_29",5,2015,"Nereididae","bAfter"
"927","2015_32",1,2015,"Nereididae","bAfter"
"928","2015_35",3,2015,"Nereididae","bAfter"
"929","2015_40",0,2015,"Nereididae","bAfter"
"930","2015_3",1,2015,"Nereididae","bAfter"
"931","2015_6",1,2015,"Nereididae","bAfter"
"932","2015_9",1,2015,"Nereididae","bAfter"
"933","2015_16",1,2015,"Nereididae","bAfter"
"934","2015_19",0,2015,"Nereididae","bAfter"
"935","2015_23",1,2015,"Nereididae","bAfter"
"936","2015_26",1,2015,"Nereididae","bAfter"
"937","2015_38",0,2015,"Nereididae","bAfter"
"938","2015_41",0,2015,"Nereididae","bAfter"
"939","2007_3",3,2007,"Spionidae","aBefore"
"940","2007_6",0,2007,"Spionidae","aBefore"
"941","2007_9",1,2007,"Spionidae","aBefore"
"942","2007_17",0,2007,"Spionidae","aBefore"
"943","2007_20",3,2007,"Spionidae","aBefore"
"944","2007_19",1,2007,"Spionidae","aBefore"
"945","2007_2",1,2007,"Spionidae","aBefore"
"946","2007_5",5,2007,"Spionidae","aBefore"
"947","2007_8",4,2007,"Spionidae","aBefore"
"948","2007_11",0,2007,"Spionidae","aBefore"
"949","2007_14",0,2007,"Spionidae","aBefore"
"950","2007_13",0,2007,"Spionidae","aBefore"
"951","2007_7",7,2007,"Spionidae","aBefore"
"952","2007_16",1,2007,"Spionidae","aBefore"
"953","2007_10",6,2007,"Spionidae","aBefore"
"954","2007_18",1,2007,"Spionidae","aBefore"
"955","2007_12",0,2007,"Spionidae","aBefore"
"956","2007_4",4,2007,"Spionidae","aBefore"
"957","2007_1",0,2007,"Spionidae","aBefore"
"958","2007_15",5,2007,"Spionidae","aBefore"
"959","2011_5",0,2011,"Spionidae","bAfter"
"960","2011_8",2,2011,"Spionidae","bAfter"
"961","2011_11",0,2011,"Spionidae","bAfter"
"962","2011_14",0,2011,"Spionidae","bAfter"
"963","2011_17",0,2011,"Spionidae","bAfter"
"964","2011_21",0,2011,"Spionidae","bAfter"
"965","2011_24",0,2011,"Spionidae","bAfter"
"966","2011_27",0,2011,"Spionidae","bAfter"
"967","2011_30",0,2011,"Spionidae","bAfter"
"968","2011_2",0,2011,"Spionidae","bAfter"
"969","2011_3",0,2011,"Spionidae","bAfter"
"970","2011_6",0,2011,"Spionidae","bAfter"
"971","2011_9",0,2011,"Spionidae","bAfter"
"972","2011_12",0,2011,"Spionidae","bAfter"
"973","2011_20",0,2011,"Spionidae","bAfter"
"974","2011_22",0,2011,"Spionidae","bAfter"
"975","2011_25",0,2011,"Spionidae","bAfter"
"976","2011_28",0,2011,"Spionidae","bAfter"
"977","2011_10",0,2011,"Spionidae","bAfter"
"978","2011_26",0,2011,"Spionidae","bAfter"
"979","2011_19",0,2011,"Spionidae","bAfter"
"980","2011_29",0,2011,"Spionidae","bAfter"
"981","2011_13",1,2011,"Spionidae","bAfter"
"982","2011_1",0,2011,"Spionidae","bAfter"
"983","2011_7",0,2011,"Spionidae","bAfter"
"984","2011_15",0,2011,"Spionidae","bAfter"
"985","2011_23",0,2011,"Spionidae","bAfter"
"986","2011_18",0,2011,"Spionidae","bAfter"
"987","2011_4",0,2011,"Spionidae","bAfter"
"988","2011_16",0,2011,"Spionidae","bAfter"
"989","2013_1",0,2013,"Spionidae","bAfter"
"990","2013_4",7,2013,"Spionidae","bAfter"
"991","2013_7",0,2013,"Spionidae","bAfter"
"992","2013_15",0,2013,"Spionidae","bAfter"
"993","2013_18",0,2013,"Spionidae","bAfter"
"994","2013_21",0,2013,"Spionidae","bAfter"
"995","2013_24",3,2013,"Spionidae","bAfter"
"996","2013_27",2,2013,"Spionidae","bAfter"
"997","2013_35",0,2013,"Spionidae","bAfter"
"998","2013_38",0,2013,"Spionidae","bAfter"
"999","2013_41",2,2013,"Spionidae","bAfter"
"1000","2013_5",0,2013,"Spionidae","bAfter"
"1001","2013_14",0,2013,"Spionidae","bAfter"
"1002","2013_11",0,2013,"Spionidae","bAfter"
"1003","2013_34",0,2013,"Spionidae","bAfter"
"1004","2013_28",1,2013,"Spionidae","bAfter"
"1005","2013_25",2,2013,"Spionidae","bAfter"
"1006","2013_17",0,2013,"Spionidae","bAfter"
"1007","2013_37",0,2013,"Spionidae","bAfter"
"1008","2013_31",0,2013,"Spionidae","bAfter"
"1009","2013_8",0,2013,"Spionidae","bAfter"
"1010","2013_2",0,2013,"Spionidae","bAfter"
"1011","2013_10",0,2013,"Spionidae","bAfter"
"1012","2013_13",0,2013,"Spionidae","bAfter"
"1013","2013_16",0,2013,"Spionidae","bAfter"
"1014","2013_19",0,2013,"Spionidae","bAfter"
"1015","2013_22",0,2013,"Spionidae","bAfter"
"1016","2013_30",2,2013,"Spionidae","bAfter"
"1017","2013_33",0,2013,"Spionidae","bAfter"
"1018","2013_36",0,2013,"Spionidae","bAfter"
"1019","2013_39",0,2013,"Spionidae","bAfter"
"1020","2013_42",0,2013,"Spionidae","bAfter"
"1021","2013_12",0,2013,"Spionidae","bAfter"
"1022","2013_29",0,2013,"Spionidae","bAfter"
"1023","2013_6",0,2013,"Spionidae","bAfter"
"1024","2013_32",0,2013,"Spionidae","bAfter"
"1025","2013_9",0,2013,"Spionidae","bAfter"
"1026","2013_23",0,2013,"Spionidae","bAfter"
"1027","2013_40",0,2013,"Spionidae","bAfter"
"1028","2013_20",0,2013,"Spionidae","bAfter"
"1029","2013_26",2,2013,"Spionidae","bAfter"
"1030","2013_3",1,2013,"Spionidae","bAfter"
"1031","2015_27",13,2015,"Spionidae","bAfter"
"1032","2015_1",4,2015,"Spionidae","bAfter"
"1033","2015_31",0,2015,"Spionidae","bAfter"
"1034","2015_37",0,2015,"Spionidae","bAfter"
"1035","2015_7",6,2015,"Spionidae","bAfter"
"1036","2015_18",0,2015,"Spionidae","bAfter"
"1037","2015_10",0,2015,"Spionidae","bAfter"
"1038","2015_28",19,2015,"Spionidae","bAfter"
"1039","2015_15",1,2015,"Spionidae","bAfter"
"1040","2015_34",6,2015,"Spionidae","bAfter"
"1041","2015_30",0,2015,"Spionidae","bAfter"
"1042","2015_12",2,2015,"Spionidae","bAfter"
"1043","2015_17",3,2015,"Spionidae","bAfter"
"1044","2015_36",0,2015,"Spionidae","bAfter"
"1045","2015_24",2,2015,"Spionidae","bAfter"
"1046","2015_39",21,2015,"Spionidae","bAfter"
"1047","2015_14",6,2015,"Spionidae","bAfter"
"1048","2015_20",6,2015,"Spionidae","bAfter"
"1049","2015_42",0,2015,"Spionidae","bAfter"
"1050","2015_4",1,2015,"Spionidae","bAfter"
"1051","2015_33",1,2015,"Spionidae","bAfter"
"1052","2015_2",8,2015,"Spionidae","bAfter"
"1053","2015_5",7,2015,"Spionidae","bAfter"
"1054","2015_8",12,2015,"Spionidae","bAfter"
"1055","2015_11",5,2015,"Spionidae","bAfter"
"1056","2015_13",1,2015,"Spionidae","bAfter"
"1057","2015_21",9,2015,"Spionidae","bAfter"
"1058","2015_22",12,2015,"Spionidae","bAfter"
"1059","2015_25",3,2015,"Spionidae","bAfter"
"1060","2015_29",8,2015,"Spionidae","bAfter"
"1061","2015_32",14,2015,"Spionidae","bAfter"
"1062","2015_35",1,2015,"Spionidae","bAfter"
"1063","2015_40",2,2015,"Spionidae","bAfter"
"1064","2015_3",7,2015,"Spionidae","bAfter"
"1065","2015_6",2,2015,"Spionidae","bAfter"
"1066","2015_9",1,2015,"Spionidae","bAfter"
"1067","2015_16",2,2015,"Spionidae","bAfter"
"1068","2015_19",1,2015,"Spionidae","bAfter"
"1069","2015_23",0,2015,"Spionidae","bAfter"
"1070","2015_26",2,2015,"Spionidae","bAfter"
"1071","2015_38",3,2015,"Spionidae","bAfter"
"1072","2015_41",2,2015,"Spionidae","bAfter"
