"Vandområde","year","sampleID_new","Artsgruppering","Antal_stk","Biomasse_vådvægt_g"
"Guldborgsund","2007",22501,"Cardiidae",2,0.0863
"Guldborgsund","2007",22502,"Cardiidae",7,0.5712
"Guldborgsund","2007",22503,"Cardiidae",3,0.0973
"Guldborgsund","2007",22504,"Cardiidae",15,1.334
"Guldborgsund","2007",22505,"Cardiidae",3,0.1159
"Guldborgsund","2007",22506,"Cardiidae",6,0.1925
"Guldborgsund","2007",22507,"Cardiidae",2,0.0664
"Guldborgsund","2007",22508,"Cardiidae",0,0
"Guldborgsund","2007",22509,"Cardiidae",22,0.7097
"Guldborgsund","2007",22510,"Cardiidae",3,0.0643
"Guldborgsund","2007",22511,"Cardiidae",12,0.4408
"Guldborgsund","2007",22512,"Cardiidae",35,1.4035
"Guldborgsund","2007",22513,"Cardiidae",25,1.0237
"Guldborgsund","2007",22514,"Cardiidae",1,0.1487
"Guldborgsund","2007",22515,"Cardiidae",1,0.0965
"Guldborgsund","2007",22516,"Cardiidae",0,0
"Guldborgsund","2007",22517,"Cardiidae",51,1.9772
"Guldborgsund","2007",22518,"Cardiidae",3,0.1531
"Guldborgsund","2007",22519,"Cardiidae",9,0.313
"Guldborgsund","2007",22520,"Cardiidae",6,0.6622
"Guldborgsund","2007",24301,"Cardiidae",0,0
"Guldborgsund","2007",24302,"Cardiidae",0,0
"Guldborgsund","2007",24303,"Cardiidae",0,0
"Guldborgsund","2007",24304,"Cardiidae",0,0
"Guldborgsund","2007",24305,"Cardiidae",0,0
"Guldborgsund","2007",24306,"Cardiidae",0,0
"Guldborgsund","2007",24307,"Cardiidae",0,0
"Guldborgsund","2007",24308,"Cardiidae",0,0
"Guldborgsund","2007",24309,"Cardiidae",0,0
"Guldborgsund","2007",24310,"Cardiidae",0,0
"Guldborgsund","2007",24311,"Cardiidae",0,0
"Guldborgsund","2007",24312,"Cardiidae",0,0
"Guldborgsund","2007",24313,"Cardiidae",0,0
"Guldborgsund","2007",24314,"Cardiidae",0,0
"Guldborgsund","2007",24315,"Cardiidae",0,0
"Guldborgsund","2007",24316,"Cardiidae",0,0
"Guldborgsund","2007",24317,"Cardiidae",0,0
"Guldborgsund","2007",24318,"Cardiidae",0,0
"Guldborgsund","2007",24319,"Cardiidae",0,0
"Guldborgsund","2007",24320,"Cardiidae",0,0
"Guldborgsund","2007",24601,"Littorinimorpha (large)",0,0
"Guldborgsund","2007",24602,"Littorinimorpha (large)",1,0.0321
"Guldborgsund","2007",24603,"Littorinimorpha (large)",4,0.0461
"Guldborgsund","2007",24604,"Littorinimorpha (large)",1,0.041
"Guldborgsund","2007",24605,"Littorinimorpha (large)",0,0
"Guldborgsund","2007",24606,"Littorinimorpha (large)",0,0
"Guldborgsund","2007",24607,"Littorinimorpha (large)",0,0
"Guldborgsund","2007",24608,"Littorinimorpha (large)",0,0
"Guldborgsund","2007",24609,"Littorinimorpha (large)",0,0
"Guldborgsund","2007",24610,"Littorinimorpha (large)",0,0
"Guldborgsund","2007",24611,"Littorinimorpha (large)",5,0.1307
"Guldborgsund","2007",24612,"Littorinimorpha (large)",0,0
"Guldborgsund","2007",24613,"Littorinimorpha (large)",0,0
"Guldborgsund","2007",24614,"Littorinimorpha (large)",0,0
"Guldborgsund","2007",24615,"Littorinimorpha (large)",0,0
"Guldborgsund","2007",24616,"Littorinimorpha (large)",0,0
"Guldborgsund","2007",24617,"Littorinimorpha (large)",1,0.04
"Guldborgsund","2007",24618,"Littorinimorpha (large)",0,0
"Guldborgsund","2007",24619,"Littorinimorpha (large)",1,0.0412
"Guldborgsund","2007",24620,"Littorinimorpha (large)",2,0.0095
"Guldborgsund","2007",31501,"Cardiidae",0,0
"Guldborgsund","2007",31502,"Cardiidae",0,0
"Guldborgsund","2007",31503,"Cardiidae",0,0
"Guldborgsund","2007",31504,"Cardiidae",0,0
"Guldborgsund","2007",31505,"Cardiidae",0,0
"Guldborgsund","2007",31506,"Cardiidae",0,0
"Guldborgsund","2007",31507,"Cardiidae",0,0
"Guldborgsund","2007",31508,"Cardiidae",0,0
"Guldborgsund","2007",31509,"Cardiidae",0,0
"Guldborgsund","2007",31510,"Cardiidae",0,0
"Guldborgsund","2007",31511,"Cardiidae",0,0
"Guldborgsund","2007",31512,"Cardiidae",0,0
"Guldborgsund","2007",31513,"Cardiidae",0,0
"Guldborgsund","2007",31514,"Cardiidae",0,0
"Guldborgsund","2007",31515,"Cardiidae",0,0
"Guldborgsund","2007",31516,"Cardiidae",0,0
"Guldborgsund","2007",31517,"Cardiidae",0,0
"Guldborgsund","2007",31518,"Cardiidae",0,0
"Guldborgsund","2007",31519,"Cardiidae",0,0
"Guldborgsund","2007",31520,"Cardiidae",0,0
"Guldborgsund","2007",35101,"Neritidae",3,0.047
"Guldborgsund","2007",35102,"Neritidae",13,0.2303
"Guldborgsund","2007",35103,"Neritidae",3,0.0627
"Guldborgsund","2007",35104,"Neritidae",6,0.0988
"Guldborgsund","2007",35105,"Neritidae",3,0.0448
"Guldborgsund","2007",35106,"Neritidae",7,0.0986
"Guldborgsund","2007",35107,"Neritidae",0,0
"Guldborgsund","2007",35108,"Neritidae",0,0
"Guldborgsund","2007",35109,"Neritidae",5,0.0764
"Guldborgsund","2007",35110,"Neritidae",0,0
"Guldborgsund","2007",35111,"Neritidae",42,0.8862
"Guldborgsund","2007",35112,"Neritidae",9,0.3403
"Guldborgsund","2007",35113,"Neritidae",13,0.3057
"Guldborgsund","2007",35114,"Neritidae",0,0
"Guldborgsund","2007",35115,"Neritidae",0,0
"Guldborgsund","2007",35116,"Neritidae",0,0
"Guldborgsund","2007",35117,"Neritidae",32,0.5974
"Guldborgsund","2007",35118,"Neritidae",0,0
"Guldborgsund","2007",35119,"Neritidae",5,0.1099
"Guldborgsund","2007",35120,"Neritidae",9,0.1376
"Guldborgsund","2007",35701,"Cardiidae",0,0
"Guldborgsund","2007",35702,"Cardiidae",0,0
"Guldborgsund","2007",35703,"Cardiidae",0,0
"Guldborgsund","2007",35704,"Cardiidae",0,0
"Guldborgsund","2007",35705,"Cardiidae",0,0
"Guldborgsund","2007",35706,"Cardiidae",0,0
"Guldborgsund","2007",35707,"Cardiidae",0,0
"Guldborgsund","2007",35708,"Cardiidae",0,0
"Guldborgsund","2007",35709,"Cardiidae",0,0
"Guldborgsund","2007",35710,"Cardiidae",0,0
"Guldborgsund","2007",35711,"Cardiidae",0,0
"Guldborgsund","2007",35712,"Cardiidae",0,0
"Guldborgsund","2007",35713,"Cardiidae",0,0
"Guldborgsund","2007",35714,"Cardiidae",0,0
"Guldborgsund","2007",35715,"Cardiidae",0,0
"Guldborgsund","2007",35716,"Cardiidae",0,0
"Guldborgsund","2007",35717,"Cardiidae",0,0
"Guldborgsund","2007",35718,"Cardiidae",0,0
"Guldborgsund","2007",35719,"Cardiidae",0,0
"Guldborgsund","2007",35720,"Cardiidae",0,0
"Guldborgsund","2007",56701,"Cardiidae",0,0
"Guldborgsund","2007",56702,"Cardiidae",0,0
"Guldborgsund","2007",56703,"Cardiidae",0,0
"Guldborgsund","2007",56704,"Cardiidae",0,0
"Guldborgsund","2007",56705,"Cardiidae",0,0
"Guldborgsund","2007",56706,"Cardiidae",0,0
"Guldborgsund","2007",56707,"Cardiidae",0,0
"Guldborgsund","2007",56708,"Cardiidae",0,0
"Guldborgsund","2007",56709,"Cardiidae",0,0
"Guldborgsund","2007",56710,"Cardiidae",0,0
"Guldborgsund","2007",56711,"Cardiidae",0,0
"Guldborgsund","2007",56712,"Cardiidae",0,0
"Guldborgsund","2007",56713,"Cardiidae",0,0
"Guldborgsund","2007",56714,"Cardiidae",0,0
"Guldborgsund","2007",56715,"Cardiidae",0,0
"Guldborgsund","2007",56716,"Cardiidae",0,0
"Guldborgsund","2007",56717,"Cardiidae",0,0
"Guldborgsund","2007",56718,"Cardiidae",0,0
"Guldborgsund","2007",56719,"Cardiidae",0,0
"Guldborgsund","2007",56720,"Cardiidae",0,0
"Guldborgsund","2011",22541,"Cardiidae",2,1.2592
"Guldborgsund","2011",22542,"Cardiidae",0,0
"Guldborgsund","2011",22543,"Cardiidae",0,0
"Guldborgsund","2011",22544,"Cardiidae",0,0
"Guldborgsund","2011",22545,"Cardiidae",5,0.1806
"Guldborgsund","2011",22546,"Cardiidae",1,0.123
"Guldborgsund","2011",22547,"Cardiidae",0,0
"Guldborgsund","2011",22548,"Cardiidae",0,0
"Guldborgsund","2011",22549,"Cardiidae",2,0.3414
"Guldborgsund","2011",22550,"Cardiidae",0,0
"Guldborgsund","2011",22551,"Cardiidae",0,0
"Guldborgsund","2011",22552,"Cardiidae",1,0.037
"Guldborgsund","2011",22553,"Cardiidae",0,0
"Guldborgsund","2011",22554,"Cardiidae",0,0
"Guldborgsund","2011",22555,"Cardiidae",0,0
"Guldborgsund","2011",22556,"Cardiidae",0,0
"Guldborgsund","2011",22557,"Cardiidae",1,0.5594
"Guldborgsund","2011",22558,"Cardiidae",0,0
"Guldborgsund","2011",22559,"Cardiidae",0,0
"Guldborgsund","2011",22560,"Cardiidae",1,0.1018
"Guldborgsund","2011",22561,"Cardiidae",0,0
"Guldborgsund","2011",22562,"Cardiidae",0,0
"Guldborgsund","2011",22563,"Cardiidae",0,0
"Guldborgsund","2011",22564,"Cardiidae",0,0
"Guldborgsund","2011",22565,"Cardiidae",1,0.0521
"Guldborgsund","2011",22566,"Cardiidae",0,0
"Guldborgsund","2011",22567,"Cardiidae",0,0
"Guldborgsund","2011",22568,"Cardiidae",0,0
"Guldborgsund","2011",22569,"Cardiidae",0,0
"Guldborgsund","2011",22570,"Cardiidae",0,0
"Guldborgsund","2011",24341,"Cardiidae",0,0
"Guldborgsund","2011",24342,"Cardiidae",0,0
"Guldborgsund","2011",24343,"Cardiidae",0,0
"Guldborgsund","2011",24344,"Cardiidae",0,0
"Guldborgsund","2011",24345,"Cardiidae",0,0
"Guldborgsund","2011",24346,"Cardiidae",0,0
"Guldborgsund","2011",24347,"Cardiidae",0,0
"Guldborgsund","2011",24348,"Cardiidae",0,0
"Guldborgsund","2011",24349,"Cardiidae",0,0
"Guldborgsund","2011",24350,"Cardiidae",0,0
"Guldborgsund","2011",24351,"Cardiidae",0,0
"Guldborgsund","2011",24352,"Cardiidae",0,0
"Guldborgsund","2011",24353,"Cardiidae",0,0
"Guldborgsund","2011",24354,"Cardiidae",0,0
"Guldborgsund","2011",24355,"Cardiidae",0,0
"Guldborgsund","2011",24356,"Cardiidae",0,0
"Guldborgsund","2011",24357,"Cardiidae",0,0
"Guldborgsund","2011",24358,"Cardiidae",0,0
"Guldborgsund","2011",24359,"Cardiidae",0,0
"Guldborgsund","2011",24360,"Cardiidae",0,0
"Guldborgsund","2011",24361,"Cardiidae",0,0
"Guldborgsund","2011",24362,"Cardiidae",0,0
"Guldborgsund","2011",24363,"Cardiidae",0,0
"Guldborgsund","2011",24364,"Cardiidae",0,0
"Guldborgsund","2011",24365,"Cardiidae",0,0
"Guldborgsund","2011",24366,"Cardiidae",0,0
"Guldborgsund","2011",24367,"Cardiidae",0,0
"Guldborgsund","2011",24368,"Cardiidae",0,0
"Guldborgsund","2011",24369,"Cardiidae",0,0
"Guldborgsund","2011",24370,"Cardiidae",0,0
"Guldborgsund","2011",24641,"Littorinimorpha (large)",0,0
"Guldborgsund","2011",24642,"Littorinimorpha (large)",0,0
"Guldborgsund","2011",24643,"Littorinimorpha (large)",0,0
"Guldborgsund","2011",24644,"Littorinimorpha (large)",0,0
"Guldborgsund","2011",24645,"Littorinimorpha (large)",1,0.0201
"Guldborgsund","2011",24646,"Littorinimorpha (large)",0,0
"Guldborgsund","2011",24647,"Littorinimorpha (large)",0,0
"Guldborgsund","2011",24648,"Littorinimorpha (large)",0,0
"Guldborgsund","2011",24649,"Littorinimorpha (large)",0,0
"Guldborgsund","2011",24650,"Littorinimorpha (large)",0,0
"Guldborgsund","2011",24651,"Littorinimorpha (large)",0,0
"Guldborgsund","2011",24652,"Littorinimorpha (large)",0,0
"Guldborgsund","2011",24653,"Littorinimorpha (large)",0,0
"Guldborgsund","2011",24654,"Littorinimorpha (large)",0,0
"Guldborgsund","2011",24655,"Littorinimorpha (large)",0,0
"Guldborgsund","2011",24656,"Littorinimorpha (large)",0,0
"Guldborgsund","2011",24657,"Littorinimorpha (large)",0,0
"Guldborgsund","2011",24658,"Littorinimorpha (large)",0,0
"Guldborgsund","2011",24659,"Littorinimorpha (large)",0,0
"Guldborgsund","2011",24660,"Littorinimorpha (large)",1,0.043
"Guldborgsund","2011",24661,"Littorinimorpha (large)",0,0
"Guldborgsund","2011",24662,"Littorinimorpha (large)",0,0
"Guldborgsund","2011",24663,"Littorinimorpha (large)",0,0
"Guldborgsund","2011",24664,"Littorinimorpha (large)",0,0
"Guldborgsund","2011",24665,"Littorinimorpha (large)",0,0
"Guldborgsund","2011",24666,"Littorinimorpha (large)",0,0
"Guldborgsund","2011",24667,"Littorinimorpha (large)",0,0
"Guldborgsund","2011",24668,"Littorinimorpha (large)",0,0
"Guldborgsund","2011",24669,"Littorinimorpha (large)",0,0
"Guldborgsund","2011",24670,"Littorinimorpha (large)",0,0
"Guldborgsund","2011",31541,"Cardiidae",0,0
"Guldborgsund","2011",31542,"Cardiidae",0,0
"Guldborgsund","2011",31543,"Cardiidae",0,0
"Guldborgsund","2011",31544,"Cardiidae",0,0
"Guldborgsund","2011",31545,"Cardiidae",0,0
"Guldborgsund","2011",31546,"Cardiidae",0,0
"Guldborgsund","2011",31547,"Cardiidae",0,0
"Guldborgsund","2011",31548,"Cardiidae",0,0
"Guldborgsund","2011",31549,"Cardiidae",0,0
"Guldborgsund","2011",31550,"Cardiidae",0,0
"Guldborgsund","2011",31551,"Cardiidae",0,0
"Guldborgsund","2011",31552,"Cardiidae",0,0
"Guldborgsund","2011",31553,"Cardiidae",0,0
"Guldborgsund","2011",31554,"Cardiidae",0,0
"Guldborgsund","2011",31555,"Cardiidae",0,0
"Guldborgsund","2011",31556,"Cardiidae",0,0
"Guldborgsund","2011",31557,"Cardiidae",0,0
"Guldborgsund","2011",31558,"Cardiidae",0,0
"Guldborgsund","2011",31559,"Cardiidae",0,0
"Guldborgsund","2011",31560,"Cardiidae",0,0
"Guldborgsund","2011",31561,"Cardiidae",0,0
"Guldborgsund","2011",31562,"Cardiidae",0,0
"Guldborgsund","2011",31563,"Cardiidae",0,0
"Guldborgsund","2011",31564,"Cardiidae",0,0
"Guldborgsund","2011",31565,"Cardiidae",0,0
"Guldborgsund","2011",31566,"Cardiidae",0,0
"Guldborgsund","2011",31567,"Cardiidae",0,0
"Guldborgsund","2011",31568,"Cardiidae",0,0
"Guldborgsund","2011",31569,"Cardiidae",0,0
"Guldborgsund","2011",31570,"Cardiidae",0,0
"Guldborgsund","2011",35141,"Neritidae",0,0
"Guldborgsund","2011",35142,"Neritidae",0,0
"Guldborgsund","2011",35143,"Neritidae",0,0
"Guldborgsund","2011",35144,"Neritidae",0,0
"Guldborgsund","2011",35145,"Neritidae",0,0
"Guldborgsund","2011",35146,"Neritidae",0,0
"Guldborgsund","2011",35147,"Neritidae",0,0
"Guldborgsund","2011",35148,"Neritidae",0,0
"Guldborgsund","2011",35149,"Neritidae",0,0
"Guldborgsund","2011",35150,"Neritidae",0,0
"Guldborgsund","2011",35151,"Neritidae",0,0
"Guldborgsund","2011",35152,"Neritidae",0,0
"Guldborgsund","2011",35153,"Neritidae",0,0
"Guldborgsund","2011",35154,"Neritidae",0,0
"Guldborgsund","2011",35155,"Neritidae",0,0
"Guldborgsund","2011",35156,"Neritidae",0,0
"Guldborgsund","2011",35157,"Neritidae",0,0
"Guldborgsund","2011",35158,"Neritidae",1,0.0198
"Guldborgsund","2011",35159,"Neritidae",0,0
"Guldborgsund","2011",35160,"Neritidae",0,0
"Guldborgsund","2011",35161,"Neritidae",0,0
"Guldborgsund","2011",35162,"Neritidae",0,0
"Guldborgsund","2011",35163,"Neritidae",0,0
"Guldborgsund","2011",35164,"Neritidae",0,0
"Guldborgsund","2011",35165,"Neritidae",0,0
"Guldborgsund","2011",35166,"Neritidae",0,0
"Guldborgsund","2011",35167,"Neritidae",0,0
"Guldborgsund","2011",35168,"Neritidae",0,0
"Guldborgsund","2011",35169,"Neritidae",0,0
"Guldborgsund","2011",35170,"Neritidae",0,0
"Guldborgsund","2011",35741,"Cardiidae",0,0
"Guldborgsund","2011",35742,"Cardiidae",0,0
"Guldborgsund","2011",35743,"Cardiidae",0,0
"Guldborgsund","2011",35744,"Cardiidae",0,0
"Guldborgsund","2011",35745,"Cardiidae",0,0
"Guldborgsund","2011",35746,"Cardiidae",0,0
"Guldborgsund","2011",35747,"Cardiidae",0,0
"Guldborgsund","2011",35748,"Cardiidae",0,0
"Guldborgsund","2011",35749,"Cardiidae",0,0
"Guldborgsund","2011",35750,"Cardiidae",0,0
"Guldborgsund","2011",35751,"Cardiidae",0,0
"Guldborgsund","2011",35752,"Cardiidae",0,0
"Guldborgsund","2011",35753,"Cardiidae",0,0
"Guldborgsund","2011",35754,"Cardiidae",0,0
"Guldborgsund","2011",35755,"Cardiidae",0,0
"Guldborgsund","2011",35756,"Cardiidae",0,0
"Guldborgsund","2011",35757,"Cardiidae",0,0
"Guldborgsund","2011",35758,"Cardiidae",0,0
"Guldborgsund","2011",35759,"Cardiidae",0,0
"Guldborgsund","2011",35760,"Cardiidae",0,0
"Guldborgsund","2011",35761,"Cardiidae",0,0
"Guldborgsund","2011",35762,"Cardiidae",0,0
"Guldborgsund","2011",35763,"Cardiidae",0,0
"Guldborgsund","2011",35764,"Cardiidae",0,0
"Guldborgsund","2011",35765,"Cardiidae",0,0
"Guldborgsund","2011",35766,"Cardiidae",0,0
"Guldborgsund","2011",35767,"Cardiidae",0,0
"Guldborgsund","2011",35768,"Cardiidae",0,0
"Guldborgsund","2011",35769,"Cardiidae",0,0
"Guldborgsund","2011",35770,"Cardiidae",0,0
"Guldborgsund","2011",56741,"Cardiidae",0,0
"Guldborgsund","2011",56742,"Cardiidae",0,0
"Guldborgsund","2011",56743,"Cardiidae",0,0
"Guldborgsund","2011",56744,"Cardiidae",0,0
"Guldborgsund","2011",56745,"Cardiidae",0,0
"Guldborgsund","2011",56746,"Cardiidae",0,0
"Guldborgsund","2011",56747,"Cardiidae",0,0
"Guldborgsund","2011",56748,"Cardiidae",0,0
"Guldborgsund","2011",56749,"Cardiidae",0,0
"Guldborgsund","2011",56750,"Cardiidae",0,0
"Guldborgsund","2011",56751,"Cardiidae",0,0
"Guldborgsund","2011",56752,"Cardiidae",0,0
"Guldborgsund","2011",56753,"Cardiidae",0,0
"Guldborgsund","2011",56754,"Cardiidae",0,0
"Guldborgsund","2011",56755,"Cardiidae",0,0
"Guldborgsund","2011",56756,"Cardiidae",0,0
"Guldborgsund","2011",56757,"Cardiidae",0,0
"Guldborgsund","2011",56758,"Cardiidae",0,0
"Guldborgsund","2011",56759,"Cardiidae",0,0
"Guldborgsund","2011",56760,"Cardiidae",0,0
"Guldborgsund","2011",56761,"Cardiidae",0,0
"Guldborgsund","2011",56762,"Cardiidae",0,0
"Guldborgsund","2011",56763,"Cardiidae",0,0
"Guldborgsund","2011",56764,"Cardiidae",0,0
"Guldborgsund","2011",56765,"Cardiidae",0,0
"Guldborgsund","2011",56766,"Cardiidae",0,0
"Guldborgsund","2011",56767,"Cardiidae",0,0
"Guldborgsund","2011",56768,"Cardiidae",0,0
"Guldborgsund","2011",56769,"Cardiidae",0,0
"Guldborgsund","2011",56770,"Cardiidae",0,0
"Guldborgsund","2013",22655,"Cardiidae",0,0
"Guldborgsund","2013",22656,"Cardiidae",0,0
"Guldborgsund","2013",22657,"Cardiidae",0,0
"Guldborgsund","2013",22658,"Cardiidae",0,0
"Guldborgsund","2013",22659,"Cardiidae",0,0
"Guldborgsund","2013",22660,"Cardiidae",0,0
"Guldborgsund","2013",22661,"Cardiidae",1,1.2336
"Guldborgsund","2013",22662,"Cardiidae",0,0
"Guldborgsund","2013",22663,"Cardiidae",0,0
"Guldborgsund","2013",22664,"Cardiidae",0,0
"Guldborgsund","2013",22665,"Cardiidae",0,0
"Guldborgsund","2013",22666,"Cardiidae",0,0
"Guldborgsund","2013",22667,"Cardiidae",0,0
"Guldborgsund","2013",22668,"Cardiidae",0,0
"Guldborgsund","2013",22669,"Cardiidae",0,0
"Guldborgsund","2013",22670,"Cardiidae",1,0.0061
"Guldborgsund","2013",22671,"Cardiidae",0,0
"Guldborgsund","2013",22672,"Cardiidae",0,0
"Guldborgsund","2013",22673,"Cardiidae",0,0
"Guldborgsund","2013",22674,"Cardiidae",0,0
"Guldborgsund","2013",22675,"Cardiidae",0,0
"Guldborgsund","2013",22676,"Cardiidae",0,0
"Guldborgsund","2013",22677,"Cardiidae",0,0
"Guldborgsund","2013",22678,"Cardiidae",0,0
"Guldborgsund","2013",22679,"Cardiidae",0,0
"Guldborgsund","2013",22680,"Cardiidae",0,0
"Guldborgsund","2013",22681,"Cardiidae",1,0.4826
"Guldborgsund","2013",22682,"Cardiidae",0,0
"Guldborgsund","2013",22683,"Cardiidae",0,0
"Guldborgsund","2013",22684,"Cardiidae",0,0
"Guldborgsund","2013",22685,"Cardiidae",0,0
"Guldborgsund","2013",22686,"Cardiidae",0,0
"Guldborgsund","2013",22687,"Cardiidae",0,0
"Guldborgsund","2013",22688,"Cardiidae",0,0
"Guldborgsund","2013",22689,"Cardiidae",0,0
"Guldborgsund","2013",22690,"Cardiidae",0,0
"Guldborgsund","2013",22691,"Cardiidae",0,0
"Guldborgsund","2013",22692,"Cardiidae",0,0
"Guldborgsund","2013",22693,"Cardiidae",0,0
"Guldborgsund","2013",22694,"Cardiidae",0,0
"Guldborgsund","2013",22695,"Cardiidae",0,0
"Guldborgsund","2013",22696,"Cardiidae",0,0
"Guldborgsund","2013",24455,"Cardiidae",0,0
"Guldborgsund","2013",24456,"Cardiidae",0,0
"Guldborgsund","2013",24457,"Cardiidae",0,0
"Guldborgsund","2013",24458,"Cardiidae",0,0
"Guldborgsund","2013",24459,"Cardiidae",0,0
"Guldborgsund","2013",24460,"Cardiidae",0,0
"Guldborgsund","2013",24461,"Cardiidae",0,0
"Guldborgsund","2013",24462,"Cardiidae",0,0
"Guldborgsund","2013",24463,"Cardiidae",0,0
"Guldborgsund","2013",24464,"Cardiidae",0,0
"Guldborgsund","2013",24465,"Cardiidae",0,0
"Guldborgsund","2013",24466,"Cardiidae",0,0
"Guldborgsund","2013",24467,"Cardiidae",0,0
"Guldborgsund","2013",24468,"Cardiidae",0,0
"Guldborgsund","2013",24469,"Cardiidae",0,0
"Guldborgsund","2013",24470,"Cardiidae",0,0
"Guldborgsund","2013",24471,"Cardiidae",0,0
"Guldborgsund","2013",24472,"Cardiidae",0,0
"Guldborgsund","2013",24473,"Cardiidae",0,0
"Guldborgsund","2013",24474,"Cardiidae",0,0
"Guldborgsund","2013",24475,"Cardiidae",0,0
"Guldborgsund","2013",24476,"Cardiidae",0,0
"Guldborgsund","2013",24477,"Cardiidae",0,0
"Guldborgsund","2013",24478,"Cardiidae",0,0
"Guldborgsund","2013",24479,"Cardiidae",0,0
"Guldborgsund","2013",24480,"Cardiidae",0,0
"Guldborgsund","2013",24481,"Cardiidae",0,0
"Guldborgsund","2013",24482,"Cardiidae",0,0
"Guldborgsund","2013",24483,"Cardiidae",0,0
"Guldborgsund","2013",24484,"Cardiidae",0,0
"Guldborgsund","2013",24485,"Cardiidae",0,0
"Guldborgsund","2013",24486,"Cardiidae",0,0
"Guldborgsund","2013",24487,"Cardiidae",0,0
"Guldborgsund","2013",24488,"Cardiidae",0,0
"Guldborgsund","2013",24489,"Cardiidae",0,0
"Guldborgsund","2013",24490,"Cardiidae",0,0
"Guldborgsund","2013",24491,"Cardiidae",0,0
"Guldborgsund","2013",24492,"Cardiidae",0,0
"Guldborgsund","2013",24493,"Cardiidae",0,0
"Guldborgsund","2013",24494,"Cardiidae",0,0
"Guldborgsund","2013",24495,"Cardiidae",0,0
"Guldborgsund","2013",24496,"Cardiidae",0,0
"Guldborgsund","2013",24755,"Littorinimorpha (large)",0,0
"Guldborgsund","2013",24756,"Littorinimorpha (large)",0,0
"Guldborgsund","2013",24757,"Littorinimorpha (large)",0,0
"Guldborgsund","2013",24758,"Littorinimorpha (large)",0,0
"Guldborgsund","2013",24759,"Littorinimorpha (large)",0,0
"Guldborgsund","2013",24760,"Littorinimorpha (large)",0,0
"Guldborgsund","2013",24761,"Littorinimorpha (large)",0,0
"Guldborgsund","2013",24762,"Littorinimorpha (large)",0,0
"Guldborgsund","2013",24763,"Littorinimorpha (large)",0,0
"Guldborgsund","2013",24764,"Littorinimorpha (large)",0,0
"Guldborgsund","2013",24765,"Littorinimorpha (large)",0,0
"Guldborgsund","2013",24766,"Littorinimorpha (large)",0,0
"Guldborgsund","2013",24767,"Littorinimorpha (large)",0,0
"Guldborgsund","2013",24768,"Littorinimorpha (large)",0,0
"Guldborgsund","2013",24769,"Littorinimorpha (large)",0,0
"Guldborgsund","2013",24770,"Littorinimorpha (large)",0,0
"Guldborgsund","2013",24771,"Littorinimorpha (large)",0,0
"Guldborgsund","2013",24772,"Littorinimorpha (large)",0,0
"Guldborgsund","2013",24773,"Littorinimorpha (large)",0,0
"Guldborgsund","2013",24774,"Littorinimorpha (large)",0,0
"Guldborgsund","2013",24775,"Littorinimorpha (large)",0,0
"Guldborgsund","2013",24776,"Littorinimorpha (large)",0,0
"Guldborgsund","2013",24777,"Littorinimorpha (large)",0,0
"Guldborgsund","2013",24778,"Littorinimorpha (large)",0,0
"Guldborgsund","2013",24779,"Littorinimorpha (large)",0,0
"Guldborgsund","2013",24780,"Littorinimorpha (large)",0,0
"Guldborgsund","2013",24781,"Littorinimorpha (large)",0,0
"Guldborgsund","2013",24782,"Littorinimorpha (large)",0,0
"Guldborgsund","2013",24783,"Littorinimorpha (large)",0,0
"Guldborgsund","2013",24784,"Littorinimorpha (large)",0,0
"Guldborgsund","2013",24785,"Littorinimorpha (large)",0,0
"Guldborgsund","2013",24786,"Littorinimorpha (large)",0,0
"Guldborgsund","2013",24787,"Littorinimorpha (large)",1,0.0564
"Guldborgsund","2013",24788,"Littorinimorpha (large)",0,0
"Guldborgsund","2013",24789,"Littorinimorpha (large)",0,0
"Guldborgsund","2013",24790,"Littorinimorpha (large)",0,0
"Guldborgsund","2013",24791,"Littorinimorpha (large)",0,0
"Guldborgsund","2013",24792,"Littorinimorpha (large)",0,0
"Guldborgsund","2013",24793,"Littorinimorpha (large)",0,0
"Guldborgsund","2013",24794,"Littorinimorpha (large)",0,0
"Guldborgsund","2013",24795,"Littorinimorpha (large)",0,0
"Guldborgsund","2013",24796,"Littorinimorpha (large)",0,0
"Guldborgsund","2013",31655,"Cardiidae",0,0
"Guldborgsund","2013",31656,"Cardiidae",0,0
"Guldborgsund","2013",31657,"Cardiidae",0,0
"Guldborgsund","2013",31658,"Cardiidae",0,0
"Guldborgsund","2013",31659,"Cardiidae",0,0
"Guldborgsund","2013",31660,"Cardiidae",0,0
"Guldborgsund","2013",31661,"Cardiidae",0,0
"Guldborgsund","2013",31662,"Cardiidae",0,0
"Guldborgsund","2013",31663,"Cardiidae",0,0
"Guldborgsund","2013",31664,"Cardiidae",0,0
"Guldborgsund","2013",31665,"Cardiidae",0,0
"Guldborgsund","2013",31666,"Cardiidae",0,0
"Guldborgsund","2013",31667,"Cardiidae",0,0
"Guldborgsund","2013",31668,"Cardiidae",0,0
"Guldborgsund","2013",31669,"Cardiidae",0,0
"Guldborgsund","2013",31670,"Cardiidae",0,0
"Guldborgsund","2013",31671,"Cardiidae",0,0
"Guldborgsund","2013",31672,"Cardiidae",0,0
"Guldborgsund","2013",31673,"Cardiidae",0,0
"Guldborgsund","2013",31674,"Cardiidae",0,0
"Guldborgsund","2013",31675,"Cardiidae",0,0
"Guldborgsund","2013",31676,"Cardiidae",0,0
"Guldborgsund","2013",31677,"Cardiidae",0,0
"Guldborgsund","2013",31678,"Cardiidae",0,0
"Guldborgsund","2013",31679,"Cardiidae",0,0
"Guldborgsund","2013",31680,"Cardiidae",0,0
"Guldborgsund","2013",31681,"Cardiidae",0,0
"Guldborgsund","2013",31682,"Cardiidae",0,0
"Guldborgsund","2013",31683,"Cardiidae",0,0
"Guldborgsund","2013",31684,"Cardiidae",0,0
"Guldborgsund","2013",31685,"Cardiidae",0,0
"Guldborgsund","2013",31686,"Cardiidae",0,0
"Guldborgsund","2013",31687,"Cardiidae",0,0
"Guldborgsund","2013",31688,"Cardiidae",0,0
"Guldborgsund","2013",31689,"Cardiidae",0,0
"Guldborgsund","2013",31690,"Cardiidae",0,0
"Guldborgsund","2013",31691,"Cardiidae",0,0
"Guldborgsund","2013",31692,"Cardiidae",0,0
"Guldborgsund","2013",31693,"Cardiidae",0,0
"Guldborgsund","2013",31694,"Cardiidae",0,0
"Guldborgsund","2013",31695,"Cardiidae",0,0
"Guldborgsund","2013",31696,"Cardiidae",0,0
"Guldborgsund","2013",35255,"Neritidae",2,0.0235
"Guldborgsund","2013",35256,"Neritidae",0,0
"Guldborgsund","2013",35257,"Neritidae",0,0
"Guldborgsund","2013",35258,"Neritidae",1,0.0401
"Guldborgsund","2013",35259,"Neritidae",0,0
"Guldborgsund","2013",35260,"Neritidae",1,0.0557
"Guldborgsund","2013",35261,"Neritidae",0,0
"Guldborgsund","2013",35262,"Neritidae",0,0
"Guldborgsund","2013",35263,"Neritidae",0,0
"Guldborgsund","2013",35264,"Neritidae",0,0
"Guldborgsund","2013",35265,"Neritidae",1,0.0095
"Guldborgsund","2013",35266,"Neritidae",0,0
"Guldborgsund","2013",35267,"Neritidae",0,0
"Guldborgsund","2013",35268,"Neritidae",0,0
"Guldborgsund","2013",35269,"Neritidae",1,0.0053
"Guldborgsund","2013",35270,"Neritidae",0,0
"Guldborgsund","2013",35271,"Neritidae",1,0.0364
"Guldborgsund","2013",35272,"Neritidae",1,0.0063
"Guldborgsund","2013",35273,"Neritidae",0,0
"Guldborgsund","2013",35274,"Neritidae",0,0
"Guldborgsund","2013",35275,"Neritidae",0,0
"Guldborgsund","2013",35276,"Neritidae",1,0.004
"Guldborgsund","2013",35277,"Neritidae",0,0
"Guldborgsund","2013",35278,"Neritidae",0,0
"Guldborgsund","2013",35279,"Neritidae",0,0
"Guldborgsund","2013",35280,"Neritidae",2,0.0814
"Guldborgsund","2013",35281,"Neritidae",1,0.0721
"Guldborgsund","2013",35282,"Neritidae",0,0
"Guldborgsund","2013",35283,"Neritidae",0,0
"Guldborgsund","2013",35284,"Neritidae",1,0.0309
"Guldborgsund","2013",35285,"Neritidae",1,0.0229
"Guldborgsund","2013",35286,"Neritidae",2,0.0228
"Guldborgsund","2013",35287,"Neritidae",3,0.0381
"Guldborgsund","2013",35288,"Neritidae",0,0
"Guldborgsund","2013",35289,"Neritidae",1,0.0052
"Guldborgsund","2013",35290,"Neritidae",1,0.0576
"Guldborgsund","2013",35291,"Neritidae",0,0
"Guldborgsund","2013",35292,"Neritidae",0,0
"Guldborgsund","2013",35293,"Neritidae",0,0
"Guldborgsund","2013",35294,"Neritidae",0,0
"Guldborgsund","2013",35295,"Neritidae",0,0
"Guldborgsund","2013",35296,"Neritidae",0,0
"Guldborgsund","2013",35855,"Cardiidae",0,0
"Guldborgsund","2013",35856,"Cardiidae",0,0
"Guldborgsund","2013",35857,"Cardiidae",0,0
"Guldborgsund","2013",35858,"Cardiidae",0,0
"Guldborgsund","2013",35859,"Cardiidae",0,0
"Guldborgsund","2013",35860,"Cardiidae",0,0
"Guldborgsund","2013",35861,"Cardiidae",0,0
"Guldborgsund","2013",35862,"Cardiidae",0,0
"Guldborgsund","2013",35863,"Cardiidae",0,0
"Guldborgsund","2013",35864,"Cardiidae",0,0
"Guldborgsund","2013",35865,"Cardiidae",0,0
"Guldborgsund","2013",35866,"Cardiidae",0,0
"Guldborgsund","2013",35867,"Cardiidae",0,0
"Guldborgsund","2013",35868,"Cardiidae",0,0
"Guldborgsund","2013",35869,"Cardiidae",0,0
"Guldborgsund","2013",35870,"Cardiidae",0,0
"Guldborgsund","2013",35871,"Cardiidae",0,0
"Guldborgsund","2013",35872,"Cardiidae",0,0
"Guldborgsund","2013",35873,"Cardiidae",0,0
"Guldborgsund","2013",35874,"Cardiidae",0,0
"Guldborgsund","2013",35875,"Cardiidae",0,0
"Guldborgsund","2013",35876,"Cardiidae",0,0
"Guldborgsund","2013",35877,"Cardiidae",0,0
"Guldborgsund","2013",35878,"Cardiidae",0,0
"Guldborgsund","2013",35879,"Cardiidae",0,0
"Guldborgsund","2013",35880,"Cardiidae",0,0
"Guldborgsund","2013",35881,"Cardiidae",0,0
"Guldborgsund","2013",35882,"Cardiidae",0,0
"Guldborgsund","2013",35883,"Cardiidae",0,0
"Guldborgsund","2013",35884,"Cardiidae",0,0
"Guldborgsund","2013",35885,"Cardiidae",0,0
"Guldborgsund","2013",35886,"Cardiidae",0,0
"Guldborgsund","2013",35887,"Cardiidae",0,0
"Guldborgsund","2013",35888,"Cardiidae",0,0
"Guldborgsund","2013",35889,"Cardiidae",0,0
"Guldborgsund","2013",35890,"Cardiidae",0,0
"Guldborgsund","2013",35891,"Cardiidae",0,0
"Guldborgsund","2013",35892,"Cardiidae",0,0
"Guldborgsund","2013",35893,"Cardiidae",0,0
"Guldborgsund","2013",35894,"Cardiidae",0,0
"Guldborgsund","2013",35895,"Cardiidae",0,0
"Guldborgsund","2013",35896,"Cardiidae",0,0
"Guldborgsund","2013",56855,"Cardiidae",0,0
"Guldborgsund","2013",56856,"Cardiidae",0,0
"Guldborgsund","2013",56857,"Cardiidae",0,0
"Guldborgsund","2013",56858,"Cardiidae",1,0.0032
"Guldborgsund","2013",56859,"Cardiidae",0,0
"Guldborgsund","2013",56860,"Cardiidae",0,0
"Guldborgsund","2013",56861,"Cardiidae",0,0
"Guldborgsund","2013",56862,"Cardiidae",1,0.002
"Guldborgsund","2013",56863,"Cardiidae",0,0
"Guldborgsund","2013",56864,"Cardiidae",0,0
"Guldborgsund","2013",56865,"Cardiidae",0,0
"Guldborgsund","2013",56866,"Cardiidae",0,0
"Guldborgsund","2013",56867,"Cardiidae",0,0
"Guldborgsund","2013",56868,"Cardiidae",0,0
"Guldborgsund","2013",56869,"Cardiidae",0,0
"Guldborgsund","2013",56870,"Cardiidae",0,0
"Guldborgsund","2013",56871,"Cardiidae",0,0
"Guldborgsund","2013",56872,"Cardiidae",0,0
"Guldborgsund","2013",56873,"Cardiidae",0,0
"Guldborgsund","2013",56874,"Cardiidae",0,0
"Guldborgsund","2013",56875,"Cardiidae",0,0
"Guldborgsund","2013",56876,"Cardiidae",0,0
"Guldborgsund","2013",56877,"Cardiidae",0,0
"Guldborgsund","2013",56878,"Cardiidae",0,0
"Guldborgsund","2013",56879,"Cardiidae",1,0.0072
"Guldborgsund","2013",56880,"Cardiidae",0,0
"Guldborgsund","2013",56881,"Cardiidae",0,0
"Guldborgsund","2013",56882,"Cardiidae",0,0
"Guldborgsund","2013",56883,"Cardiidae",0,0
"Guldborgsund","2013",56884,"Cardiidae",0,0
"Guldborgsund","2013",56885,"Cardiidae",0,0
"Guldborgsund","2013",56886,"Cardiidae",0,0
"Guldborgsund","2013",56887,"Cardiidae",1,0.0103
"Guldborgsund","2013",56888,"Cardiidae",0,0
"Guldborgsund","2013",56889,"Cardiidae",0,0
"Guldborgsund","2013",56890,"Cardiidae",0,0
"Guldborgsund","2013",56891,"Cardiidae",0,0
"Guldborgsund","2013",56892,"Cardiidae",0,0
"Guldborgsund","2013",56893,"Cardiidae",0,0
"Guldborgsund","2013",56894,"Cardiidae",0,0
"Guldborgsund","2013",56895,"Cardiidae",0,0
"Guldborgsund","2013",56896,"Cardiidae",0,0
"Guldborgsund","2015",22697,"Cardiidae",1,0.0104
"Guldborgsund","2015",22698,"Cardiidae",0,0
"Guldborgsund","2015",22699,"Cardiidae",0,0
"Guldborgsund","2015",22700,"Cardiidae",0,0
"Guldborgsund","2015",22701,"Cardiidae",0,0
"Guldborgsund","2015",22702,"Cardiidae",0,0
"Guldborgsund","2015",22703,"Cardiidae",0,0
"Guldborgsund","2015",22704,"Cardiidae",0,0
"Guldborgsund","2015",22705,"Cardiidae",0,0
"Guldborgsund","2015",22706,"Cardiidae",0,0
"Guldborgsund","2015",22707,"Cardiidae",0,0
"Guldborgsund","2015",22708,"Cardiidae",0,0
"Guldborgsund","2015",22709,"Cardiidae",0,0
"Guldborgsund","2015",22710,"Cardiidae",0,0
"Guldborgsund","2015",22711,"Cardiidae",0,0
"Guldborgsund","2015",22712,"Cardiidae",0,0
"Guldborgsund","2015",22713,"Cardiidae",2,0.0044
"Guldborgsund","2015",22714,"Cardiidae",0,0
"Guldborgsund","2015",22715,"Cardiidae",0,0
"Guldborgsund","2015",22716,"Cardiidae",0,0
"Guldborgsund","2015",22717,"Cardiidae",0,0
"Guldborgsund","2015",22718,"Cardiidae",0,0
"Guldborgsund","2015",22719,"Cardiidae",0,0
"Guldborgsund","2015",22720,"Cardiidae",0,0
"Guldborgsund","2015",22721,"Cardiidae",0,0
"Guldborgsund","2015",22722,"Cardiidae",0,0
"Guldborgsund","2015",22723,"Cardiidae",0,0
"Guldborgsund","2015",22724,"Cardiidae",0,0
"Guldborgsund","2015",22725,"Cardiidae",0,0
"Guldborgsund","2015",22726,"Cardiidae",0,0
"Guldborgsund","2015",22727,"Cardiidae",0,0
"Guldborgsund","2015",22728,"Cardiidae",0,0
"Guldborgsund","2015",22729,"Cardiidae",0,0
"Guldborgsund","2015",22730,"Cardiidae",1,1.1079
"Guldborgsund","2015",22731,"Cardiidae",0,0
"Guldborgsund","2015",22732,"Cardiidae",0,0
"Guldborgsund","2015",22733,"Cardiidae",2,0.5708
"Guldborgsund","2015",22734,"Cardiidae",0,0
"Guldborgsund","2015",22735,"Cardiidae",0,0
"Guldborgsund","2015",22736,"Cardiidae",0,0
"Guldborgsund","2015",22737,"Cardiidae",0,0
"Guldborgsund","2015",22738,"Cardiidae",0,0
"Guldborgsund","2015",24497,"Cardiidae",0,0
"Guldborgsund","2015",24498,"Cardiidae",0,0
"Guldborgsund","2015",24499,"Cardiidae",0,0
"Guldborgsund","2015",24500,"Cardiidae",0,0
"Guldborgsund","2015",24501,"Cardiidae",0,0
"Guldborgsund","2015",24502,"Cardiidae",0,0
"Guldborgsund","2015",24503,"Cardiidae",0,0
"Guldborgsund","2015",24504,"Cardiidae",0,0
"Guldborgsund","2015",24505,"Cardiidae",0,0
"Guldborgsund","2015",24506,"Cardiidae",0,0
"Guldborgsund","2015",24507,"Cardiidae",0,0
"Guldborgsund","2015",24508,"Cardiidae",0,0
"Guldborgsund","2015",24509,"Cardiidae",0,0
"Guldborgsund","2015",24510,"Cardiidae",0,0
"Guldborgsund","2015",24511,"Cardiidae",0,0
"Guldborgsund","2015",24512,"Cardiidae",0,0
"Guldborgsund","2015",24513,"Cardiidae",0,0
"Guldborgsund","2015",24514,"Cardiidae",0,0
"Guldborgsund","2015",24515,"Cardiidae",0,0
"Guldborgsund","2015",24516,"Cardiidae",0,0
"Guldborgsund","2015",24517,"Cardiidae",0,0
"Guldborgsund","2015",24518,"Cardiidae",0,0
"Guldborgsund","2015",24519,"Cardiidae",0,0
"Guldborgsund","2015",24520,"Cardiidae",0,0
"Guldborgsund","2015",24521,"Cardiidae",0,0
"Guldborgsund","2015",24522,"Cardiidae",0,0
"Guldborgsund","2015",24523,"Cardiidae",0,0
"Guldborgsund","2015",24524,"Cardiidae",0,0
"Guldborgsund","2015",24525,"Cardiidae",0,0
"Guldborgsund","2015",24526,"Cardiidae",0,0
"Guldborgsund","2015",24527,"Cardiidae",0,0
"Guldborgsund","2015",24528,"Cardiidae",0,0
"Guldborgsund","2015",24529,"Cardiidae",0,0
"Guldborgsund","2015",24530,"Cardiidae",0,0
"Guldborgsund","2015",24531,"Cardiidae",0,0
"Guldborgsund","2015",24532,"Cardiidae",0,0
"Guldborgsund","2015",24533,"Cardiidae",0,0
"Guldborgsund","2015",24534,"Cardiidae",0,0
"Guldborgsund","2015",24535,"Cardiidae",0,0
"Guldborgsund","2015",24536,"Cardiidae",0,0
"Guldborgsund","2015",24537,"Cardiidae",0,0
"Guldborgsund","2015",24538,"Cardiidae",0,0
"Guldborgsund","2015",24797,"Littorinimorpha (large)",0,0
"Guldborgsund","2015",24798,"Littorinimorpha (large)",0,0
"Guldborgsund","2015",24799,"Littorinimorpha (large)",0,0
"Guldborgsund","2015",24800,"Littorinimorpha (large)",0,0
"Guldborgsund","2015",24801,"Littorinimorpha (large)",0,0
"Guldborgsund","2015",24802,"Littorinimorpha (large)",0,0
"Guldborgsund","2015",24803,"Littorinimorpha (large)",0,0
"Guldborgsund","2015",24804,"Littorinimorpha (large)",0,0
"Guldborgsund","2015",24805,"Littorinimorpha (large)",0,0
"Guldborgsund","2015",24806,"Littorinimorpha (large)",0,0
"Guldborgsund","2015",24807,"Littorinimorpha (large)",0,0
"Guldborgsund","2015",24808,"Littorinimorpha (large)",0,0
"Guldborgsund","2015",24809,"Littorinimorpha (large)",0,0
"Guldborgsund","2015",24810,"Littorinimorpha (large)",0,0
"Guldborgsund","2015",24811,"Littorinimorpha (large)",0,0
"Guldborgsund","2015",24812,"Littorinimorpha (large)",0,0
"Guldborgsund","2015",24813,"Littorinimorpha (large)",0,0
"Guldborgsund","2015",24814,"Littorinimorpha (large)",0,0
"Guldborgsund","2015",24815,"Littorinimorpha (large)",0,0
"Guldborgsund","2015",24816,"Littorinimorpha (large)",0,0
"Guldborgsund","2015",24817,"Littorinimorpha (large)",0,0
"Guldborgsund","2015",24818,"Littorinimorpha (large)",0,0
"Guldborgsund","2015",24819,"Littorinimorpha (large)",0,0
"Guldborgsund","2015",24820,"Littorinimorpha (large)",0,0
"Guldborgsund","2015",24821,"Littorinimorpha (large)",0,0
"Guldborgsund","2015",24822,"Littorinimorpha (large)",0,0
"Guldborgsund","2015",24823,"Littorinimorpha (large)",0,0
"Guldborgsund","2015",24824,"Littorinimorpha (large)",0,0
"Guldborgsund","2015",24825,"Littorinimorpha (large)",0,0
"Guldborgsund","2015",24826,"Littorinimorpha (large)",0,0
"Guldborgsund","2015",24827,"Littorinimorpha (large)",0,0
"Guldborgsund","2015",24828,"Littorinimorpha (large)",0,0
"Guldborgsund","2015",24829,"Littorinimorpha (large)",0,0
"Guldborgsund","2015",24830,"Littorinimorpha (large)",0,0
"Guldborgsund","2015",24831,"Littorinimorpha (large)",0,0
"Guldborgsund","2015",24832,"Littorinimorpha (large)",0,0
"Guldborgsund","2015",24833,"Littorinimorpha (large)",0,0
"Guldborgsund","2015",24834,"Littorinimorpha (large)",0,0
"Guldborgsund","2015",24835,"Littorinimorpha (large)",0,0
"Guldborgsund","2015",24836,"Littorinimorpha (large)",0,0
"Guldborgsund","2015",24837,"Littorinimorpha (large)",0,0
"Guldborgsund","2015",24838,"Littorinimorpha (large)",0,0
"Guldborgsund","2015",31697,"Cardiidae",0,0
"Guldborgsund","2015",31698,"Cardiidae",0,0
"Guldborgsund","2015",31699,"Cardiidae",0,0
"Guldborgsund","2015",31700,"Cardiidae",0,0
"Guldborgsund","2015",31701,"Cardiidae",0,0
"Guldborgsund","2015",31702,"Cardiidae",0,0
"Guldborgsund","2015",31703,"Cardiidae",0,0
"Guldborgsund","2015",31704,"Cardiidae",0,0
"Guldborgsund","2015",31705,"Cardiidae",0,0
"Guldborgsund","2015",31706,"Cardiidae",0,0
"Guldborgsund","2015",31707,"Cardiidae",0,0
"Guldborgsund","2015",31708,"Cardiidae",0,0
"Guldborgsund","2015",31709,"Cardiidae",0,0
"Guldborgsund","2015",31710,"Cardiidae",0,0
"Guldborgsund","2015",31711,"Cardiidae",0,0
"Guldborgsund","2015",31712,"Cardiidae",0,0
"Guldborgsund","2015",31713,"Cardiidae",0,0
"Guldborgsund","2015",31714,"Cardiidae",0,0
"Guldborgsund","2015",31715,"Cardiidae",0,0
"Guldborgsund","2015",31716,"Cardiidae",0,0
"Guldborgsund","2015",31717,"Cardiidae",0,0
"Guldborgsund","2015",31718,"Cardiidae",0,0
"Guldborgsund","2015",31719,"Cardiidae",0,0
"Guldborgsund","2015",31720,"Cardiidae",0,0
"Guldborgsund","2015",31721,"Cardiidae",0,0
"Guldborgsund","2015",31722,"Cardiidae",0,0
"Guldborgsund","2015",31723,"Cardiidae",0,0
"Guldborgsund","2015",31724,"Cardiidae",0,0
"Guldborgsund","2015",31725,"Cardiidae",0,0
"Guldborgsund","2015",31726,"Cardiidae",0,0
"Guldborgsund","2015",31727,"Cardiidae",0,0
"Guldborgsund","2015",31728,"Cardiidae",0,0
"Guldborgsund","2015",31729,"Cardiidae",0,0
"Guldborgsund","2015",31730,"Cardiidae",0,0
"Guldborgsund","2015",31731,"Cardiidae",0,0
"Guldborgsund","2015",31732,"Cardiidae",0,0
"Guldborgsund","2015",31733,"Cardiidae",0,0
"Guldborgsund","2015",31734,"Cardiidae",0,0
"Guldborgsund","2015",31735,"Cardiidae",0,0
"Guldborgsund","2015",31736,"Cardiidae",0,0
"Guldborgsund","2015",31737,"Cardiidae",0,0
"Guldborgsund","2015",31738,"Cardiidae",0,0
"Guldborgsund","2015",35297,"Neritidae",0,0
"Guldborgsund","2015",35298,"Neritidae",0,0
"Guldborgsund","2015",35299,"Neritidae",0,0
"Guldborgsund","2015",35300,"Neritidae",0,0
"Guldborgsund","2015",35301,"Neritidae",0,0
"Guldborgsund","2015",35302,"Neritidae",0,0
"Guldborgsund","2015",35303,"Neritidae",0,0
"Guldborgsund","2015",35304,"Neritidae",0,0
"Guldborgsund","2015",35305,"Neritidae",0,0
"Guldborgsund","2015",35306,"Neritidae",0,0
"Guldborgsund","2015",35307,"Neritidae",0,0
"Guldborgsund","2015",35308,"Neritidae",0,0
"Guldborgsund","2015",35309,"Neritidae",0,0
"Guldborgsund","2015",35310,"Neritidae",0,0
"Guldborgsund","2015",35311,"Neritidae",0,0
"Guldborgsund","2015",35312,"Neritidae",0,0
"Guldborgsund","2015",35313,"Neritidae",0,0
"Guldborgsund","2015",35314,"Neritidae",0,0
"Guldborgsund","2015",35315,"Neritidae",0,0
"Guldborgsund","2015",35316,"Neritidae",0,0
"Guldborgsund","2015",35317,"Neritidae",0,0
"Guldborgsund","2015",35318,"Neritidae",0,0
"Guldborgsund","2015",35319,"Neritidae",0,0
"Guldborgsund","2015",35320,"Neritidae",0,0
"Guldborgsund","2015",35321,"Neritidae",0,0
"Guldborgsund","2015",35322,"Neritidae",0,0
"Guldborgsund","2015",35323,"Neritidae",0,0
"Guldborgsund","2015",35324,"Neritidae",0,0
"Guldborgsund","2015",35325,"Neritidae",0,0
"Guldborgsund","2015",35326,"Neritidae",0,0
"Guldborgsund","2015",35327,"Neritidae",0,0
"Guldborgsund","2015",35328,"Neritidae",0,0
"Guldborgsund","2015",35329,"Neritidae",0,0
"Guldborgsund","2015",35330,"Neritidae",0,0
"Guldborgsund","2015",35331,"Neritidae",0,0
"Guldborgsund","2015",35332,"Neritidae",0,0
"Guldborgsund","2015",35333,"Neritidae",0,0
"Guldborgsund","2015",35334,"Neritidae",0,0
"Guldborgsund","2015",35335,"Neritidae",0,0
"Guldborgsund","2015",35336,"Neritidae",0,0
"Guldborgsund","2015",35337,"Neritidae",0,0
"Guldborgsund","2015",35338,"Neritidae",0,0
"Guldborgsund","2015",35897,"Cardiidae",0,0
"Guldborgsund","2015",35898,"Cardiidae",0,0
"Guldborgsund","2015",35899,"Cardiidae",0,0
"Guldborgsund","2015",35900,"Cardiidae",0,0
"Guldborgsund","2015",35901,"Cardiidae",0,0
"Guldborgsund","2015",35902,"Cardiidae",0,0
"Guldborgsund","2015",35903,"Cardiidae",0,0
"Guldborgsund","2015",35904,"Cardiidae",0,0
"Guldborgsund","2015",35905,"Cardiidae",0,0
"Guldborgsund","2015",35906,"Cardiidae",0,0
"Guldborgsund","2015",35907,"Cardiidae",0,0
"Guldborgsund","2015",35908,"Cardiidae",0,0
"Guldborgsund","2015",35909,"Cardiidae",0,0
"Guldborgsund","2015",35910,"Cardiidae",0,0
"Guldborgsund","2015",35911,"Cardiidae",0,0
"Guldborgsund","2015",35912,"Cardiidae",0,0
"Guldborgsund","2015",35913,"Cardiidae",0,0
"Guldborgsund","2015",35914,"Cardiidae",0,0
"Guldborgsund","2015",35915,"Cardiidae",0,0
"Guldborgsund","2015",35916,"Cardiidae",0,0
"Guldborgsund","2015",35917,"Cardiidae",0,0
"Guldborgsund","2015",35918,"Cardiidae",0,0
"Guldborgsund","2015",35919,"Cardiidae",0,0
"Guldborgsund","2015",35920,"Cardiidae",0,0
"Guldborgsund","2015",35921,"Cardiidae",0,0
"Guldborgsund","2015",35922,"Cardiidae",0,0
"Guldborgsund","2015",35923,"Cardiidae",0,0
"Guldborgsund","2015",35924,"Cardiidae",0,0
"Guldborgsund","2015",35925,"Cardiidae",0,0
"Guldborgsund","2015",35926,"Cardiidae",0,0
"Guldborgsund","2015",35927,"Cardiidae",1,1.6363
"Guldborgsund","2015",35928,"Cardiidae",0,0
"Guldborgsund","2015",35929,"Cardiidae",0,0
"Guldborgsund","2015",35930,"Cardiidae",0,0
"Guldborgsund","2015",35931,"Cardiidae",0,0
"Guldborgsund","2015",35932,"Cardiidae",0,0
"Guldborgsund","2015",35933,"Cardiidae",0,0
"Guldborgsund","2015",35934,"Cardiidae",0,0
"Guldborgsund","2015",35935,"Cardiidae",0,0
"Guldborgsund","2015",35936,"Cardiidae",0,0
"Guldborgsund","2015",35937,"Cardiidae",0,0
"Guldborgsund","2015",35938,"Cardiidae",0,0
"Guldborgsund","2015",56897,"Cardiidae",0,0
"Guldborgsund","2015",56898,"Cardiidae",0,0
"Guldborgsund","2015",56899,"Cardiidae",0,0
"Guldborgsund","2015",56900,"Cardiidae",0,0
"Guldborgsund","2015",56901,"Cardiidae",0,0
"Guldborgsund","2015",56902,"Cardiidae",0,0
"Guldborgsund","2015",56903,"Cardiidae",0,0
"Guldborgsund","2015",56904,"Cardiidae",0,0
"Guldborgsund","2015",56905,"Cardiidae",0,0
"Guldborgsund","2015",56906,"Cardiidae",0,0
"Guldborgsund","2015",56907,"Cardiidae",0,0
"Guldborgsund","2015",56908,"Cardiidae",0,0
"Guldborgsund","2015",56909,"Cardiidae",0,0
"Guldborgsund","2015",56910,"Cardiidae",0,0
"Guldborgsund","2015",56911,"Cardiidae",0,0
"Guldborgsund","2015",56912,"Cardiidae",0,0
"Guldborgsund","2015",56913,"Cardiidae",0,0
"Guldborgsund","2015",56914,"Cardiidae",0,0
"Guldborgsund","2015",56915,"Cardiidae",0,0
"Guldborgsund","2015",56916,"Cardiidae",0,0
"Guldborgsund","2015",56917,"Cardiidae",0,0
"Guldborgsund","2015",56918,"Cardiidae",0,0
"Guldborgsund","2015",56919,"Cardiidae",0,0
"Guldborgsund","2015",56920,"Cardiidae",0,0
"Guldborgsund","2015",56921,"Cardiidae",0,0
"Guldborgsund","2015",56922,"Cardiidae",0,0
"Guldborgsund","2015",56923,"Cardiidae",0,0
"Guldborgsund","2015",56924,"Cardiidae",0,0
"Guldborgsund","2015",56925,"Cardiidae",0,0
"Guldborgsund","2015",56926,"Cardiidae",0,0
"Guldborgsund","2015",56927,"Cardiidae",0,0
"Guldborgsund","2015",56928,"Cardiidae",0,0
"Guldborgsund","2015",56929,"Cardiidae",0,0
"Guldborgsund","2015",56930,"Cardiidae",0,0
"Guldborgsund","2015",56931,"Cardiidae",0,0
"Guldborgsund","2015",56932,"Cardiidae",0,0
"Guldborgsund","2015",56933,"Cardiidae",0,0
"Guldborgsund","2015",56934,"Cardiidae",0,0
"Guldborgsund","2015",56935,"Cardiidae",0,0
"Guldborgsund","2015",56936,"Cardiidae",0,0
"Guldborgsund","2015",56937,"Cardiidae",0,0
"Guldborgsund","2015",56938,"Cardiidae",0,0
"Stege Bugt","2009",22521,"Cardiidae",0,0
"Stege Bugt","2009",22522,"Cardiidae",0,0
"Stege Bugt","2009",22523,"Cardiidae",0,0
"Stege Bugt","2009",22524,"Cardiidae",0,0
"Stege Bugt","2009",22525,"Cardiidae",0,0
"Stege Bugt","2009",22526,"Cardiidae",0,0
"Stege Bugt","2009",22527,"Cardiidae",0,0
"Stege Bugt","2009",22528,"Cardiidae",0,0
"Stege Bugt","2009",22529,"Cardiidae",0,0
"Stege Bugt","2009",22530,"Cardiidae",0,0
"Stege Bugt","2009",22531,"Cardiidae",0,0
"Stege Bugt","2009",22532,"Cardiidae",0,0
"Stege Bugt","2009",22533,"Cardiidae",0,0
"Stege Bugt","2009",22534,"Cardiidae",0,0
"Stege Bugt","2009",22535,"Cardiidae",0,0
"Stege Bugt","2009",22536,"Cardiidae",0,0
"Stege Bugt","2009",22537,"Cardiidae",0,0
"Stege Bugt","2009",22538,"Cardiidae",0,0
"Stege Bugt","2009",22539,"Cardiidae",0,0
"Stege Bugt","2009",22540,"Cardiidae",0,0
"Stege Bugt","2009",24321,"Cardiidae",0,0
"Stege Bugt","2009",24322,"Cardiidae",0,0
"Stege Bugt","2009",24323,"Cardiidae",0,0
"Stege Bugt","2009",24324,"Cardiidae",0,0
"Stege Bugt","2009",24325,"Cardiidae",0,0
"Stege Bugt","2009",24326,"Cardiidae",0,0
"Stege Bugt","2009",24327,"Cardiidae",0,0
"Stege Bugt","2009",24328,"Cardiidae",0,0
"Stege Bugt","2009",24329,"Cardiidae",0,0
"Stege Bugt","2009",24330,"Cardiidae",0,0
"Stege Bugt","2009",24331,"Cardiidae",0,0
"Stege Bugt","2009",24332,"Cardiidae",0,0
"Stege Bugt","2009",24333,"Cardiidae",0,0
"Stege Bugt","2009",24334,"Cardiidae",0,0
"Stege Bugt","2009",24335,"Cardiidae",0,0
"Stege Bugt","2009",24336,"Cardiidae",0,0
"Stege Bugt","2009",24337,"Cardiidae",0,0
"Stege Bugt","2009",24338,"Cardiidae",0,0
"Stege Bugt","2009",24339,"Cardiidae",0,0
"Stege Bugt","2009",24340,"Cardiidae",0,0
"Stege Bugt","2009",24621,"Littorinimorpha (large)",0,0
"Stege Bugt","2009",24622,"Littorinimorpha (large)",0,0
"Stege Bugt","2009",24623,"Littorinimorpha (large)",0,0
"Stege Bugt","2009",24624,"Littorinimorpha (large)",0,0
"Stege Bugt","2009",24625,"Littorinimorpha (large)",1,0.0098
"Stege Bugt","2009",24626,"Littorinimorpha (large)",0,0
"Stege Bugt","2009",24627,"Littorinimorpha (large)",2,0.0065
"Stege Bugt","2009",24628,"Littorinimorpha (large)",0,0
"Stege Bugt","2009",24629,"Littorinimorpha (large)",0,0
"Stege Bugt","2009",24630,"Littorinimorpha (large)",1,0.002
"Stege Bugt","2009",24631,"Littorinimorpha (large)",0,0
"Stege Bugt","2009",24632,"Littorinimorpha (large)",2,0.0406
"Stege Bugt","2009",24633,"Littorinimorpha (large)",0,0
"Stege Bugt","2009",24634,"Littorinimorpha (large)",0,0
"Stege Bugt","2009",24635,"Littorinimorpha (large)",1,0.0044
"Stege Bugt","2009",24636,"Littorinimorpha (large)",0,0
"Stege Bugt","2009",24637,"Littorinimorpha (large)",0,0
"Stege Bugt","2009",24638,"Littorinimorpha (large)",0,0
"Stege Bugt","2009",24639,"Littorinimorpha (large)",0,0
"Stege Bugt","2009",24640,"Littorinimorpha (large)",0,0
"Stege Bugt","2009",31521,"Cardiidae",0,0
"Stege Bugt","2009",31522,"Cardiidae",0,0
"Stege Bugt","2009",31523,"Cardiidae",0,0
"Stege Bugt","2009",31524,"Cardiidae",0,0
"Stege Bugt","2009",31525,"Cardiidae",0,0
"Stege Bugt","2009",31526,"Cardiidae",0,0
"Stege Bugt","2009",31527,"Cardiidae",0,0
"Stege Bugt","2009",31528,"Cardiidae",0,0
"Stege Bugt","2009",31529,"Cardiidae",0,0
"Stege Bugt","2009",31530,"Cardiidae",0,0
"Stege Bugt","2009",31531,"Cardiidae",0,0
"Stege Bugt","2009",31532,"Cardiidae",0,0
"Stege Bugt","2009",31533,"Cardiidae",0,0
"Stege Bugt","2009",31534,"Cardiidae",0,0
"Stege Bugt","2009",31535,"Cardiidae",0,0
"Stege Bugt","2009",31536,"Cardiidae",0,0
"Stege Bugt","2009",31537,"Cardiidae",0,0
"Stege Bugt","2009",31538,"Cardiidae",0,0
"Stege Bugt","2009",31539,"Cardiidae",0,0
"Stege Bugt","2009",31540,"Cardiidae",0,0
"Stege Bugt","2009",35121,"Neritidae",1,0.018
"Stege Bugt","2009",35122,"Neritidae",42,0.5494
"Stege Bugt","2009",35123,"Neritidae",0,0
"Stege Bugt","2009",35124,"Neritidae",1,0.0109
"Stege Bugt","2009",35125,"Neritidae",4,0.0467
"Stege Bugt","2009",35126,"Neritidae",1,0.0102
"Stege Bugt","2009",35127,"Neritidae",0,0
"Stege Bugt","2009",35128,"Neritidae",2,0.0261
"Stege Bugt","2009",35129,"Neritidae",2,0.0619
"Stege Bugt","2009",35130,"Neritidae",0,0
"Stege Bugt","2009",35131,"Neritidae",0,0
"Stege Bugt","2009",35132,"Neritidae",5,0.1074
"Stege Bugt","2009",35133,"Neritidae",1,0.019
"Stege Bugt","2009",35134,"Neritidae",0,0
"Stege Bugt","2009",35135,"Neritidae",19,0.3215
"Stege Bugt","2009",35136,"Neritidae",0,0
"Stege Bugt","2009",35137,"Neritidae",0,0
"Stege Bugt","2009",35138,"Neritidae",3,0.0294
"Stege Bugt","2009",35139,"Neritidae",1,0.0175
"Stege Bugt","2009",35140,"Neritidae",1,0.0195
"Stege Bugt","2009",35721,"Cardiidae",0,0
"Stege Bugt","2009",35722,"Cardiidae",0,0
"Stege Bugt","2009",35723,"Cardiidae",0,0
"Stege Bugt","2009",35724,"Cardiidae",0,0
"Stege Bugt","2009",35725,"Cardiidae",0,0
"Stege Bugt","2009",35726,"Cardiidae",0,0
"Stege Bugt","2009",35727,"Cardiidae",0,0
"Stege Bugt","2009",35728,"Cardiidae",0,0
"Stege Bugt","2009",35729,"Cardiidae",0,0
"Stege Bugt","2009",35730,"Cardiidae",0,0
"Stege Bugt","2009",35731,"Cardiidae",0,0
"Stege Bugt","2009",35732,"Cardiidae",0,0
"Stege Bugt","2009",35733,"Cardiidae",0,0
"Stege Bugt","2009",35734,"Cardiidae",1,1.1252
"Stege Bugt","2009",35735,"Cardiidae",0,0
"Stege Bugt","2009",35736,"Cardiidae",0,0
"Stege Bugt","2009",35737,"Cardiidae",0,0
"Stege Bugt","2009",35738,"Cardiidae",0,0
"Stege Bugt","2009",35739,"Cardiidae",0,0
"Stege Bugt","2009",35740,"Cardiidae",0,0
"Stege Bugt","2009",56721,"Cardiidae",0,0
"Stege Bugt","2009",56722,"Cardiidae",43,1.1716
"Stege Bugt","2009",56723,"Cardiidae",2,0.0209
"Stege Bugt","2009",56724,"Cardiidae",16,0.1728
"Stege Bugt","2009",56725,"Cardiidae",27,0.1927
"Stege Bugt","2009",56726,"Cardiidae",1,0.0137
"Stege Bugt","2009",56727,"Cardiidae",10,0.1783
"Stege Bugt","2009",56728,"Cardiidae",5,0.0416
"Stege Bugt","2009",56729,"Cardiidae",32,0.5443
"Stege Bugt","2009",56730,"Cardiidae",0,0
"Stege Bugt","2009",56731,"Cardiidae",4,0.0388
"Stege Bugt","2009",56732,"Cardiidae",19,0.2031
"Stege Bugt","2009",56733,"Cardiidae",4,0.0375
"Stege Bugt","2009",56734,"Cardiidae",0,0
"Stege Bugt","2009",56735,"Cardiidae",22,0.3985
"Stege Bugt","2009",56736,"Cardiidae",3,0.0192
"Stege Bugt","2009",56737,"Cardiidae",2,0.0579
"Stege Bugt","2009",56738,"Cardiidae",46,0.3532
"Stege Bugt","2009",56739,"Cardiidae",7,0.1104
"Stege Bugt","2009",56740,"Cardiidae",4,0.0787
"Stege Bugt","2011",22571,"Cardiidae",1,0.0203
"Stege Bugt","2011",22572,"Cardiidae",1,0.0791
"Stege Bugt","2011",22573,"Cardiidae",1,0.1781
"Stege Bugt","2011",22574,"Cardiidae",0,0
"Stege Bugt","2011",22575,"Cardiidae",1,0.1038
"Stege Bugt","2011",22576,"Cardiidae",0,0
"Stege Bugt","2011",22577,"Cardiidae",1,0.0083
"Stege Bugt","2011",22578,"Cardiidae",5,1.1634
"Stege Bugt","2011",22579,"Cardiidae",1,0.0221
"Stege Bugt","2011",22580,"Cardiidae",3,0.1813
"Stege Bugt","2011",22581,"Cardiidae",2,0.1117
"Stege Bugt","2011",22582,"Cardiidae",4,0.3002
"Stege Bugt","2011",22583,"Cardiidae",4,0.6179
"Stege Bugt","2011",22584,"Cardiidae",0,0
"Stege Bugt","2011",22585,"Cardiidae",5,0.3082
"Stege Bugt","2011",22586,"Cardiidae",0,0
"Stege Bugt","2011",22587,"Cardiidae",1,0.1272
"Stege Bugt","2011",22588,"Cardiidae",8,1.3862
"Stege Bugt","2011",22589,"Cardiidae",0,0
"Stege Bugt","2011",22590,"Cardiidae",0,0
"Stege Bugt","2011",22591,"Cardiidae",0,0
"Stege Bugt","2011",22592,"Cardiidae",1,0.066
"Stege Bugt","2011",22593,"Cardiidae",0,0
"Stege Bugt","2011",22594,"Cardiidae",0,0
"Stege Bugt","2011",22595,"Cardiidae",0,0
"Stege Bugt","2011",22596,"Cardiidae",1,0.083
"Stege Bugt","2011",22597,"Cardiidae",1,0.0631
"Stege Bugt","2011",22598,"Cardiidae",0,0
"Stege Bugt","2011",22599,"Cardiidae",2,0.0894
"Stege Bugt","2011",22600,"Cardiidae",0,0
"Stege Bugt","2011",22601,"Cardiidae",0,0
"Stege Bugt","2011",22602,"Cardiidae",0,0
"Stege Bugt","2011",22603,"Cardiidae",0,0
"Stege Bugt","2011",22604,"Cardiidae",0,0
"Stege Bugt","2011",22605,"Cardiidae",0,0
"Stege Bugt","2011",22606,"Cardiidae",0,0
"Stege Bugt","2011",22607,"Cardiidae",0,0
"Stege Bugt","2011",22608,"Cardiidae",0,0
"Stege Bugt","2011",22609,"Cardiidae",0,0
"Stege Bugt","2011",22610,"Cardiidae",5,0.7258
"Stege Bugt","2011",22611,"Cardiidae",0,0
"Stege Bugt","2011",22612,"Cardiidae",0,0
"Stege Bugt","2011",24371,"Cardiidae",0,0
"Stege Bugt","2011",24372,"Cardiidae",0,0
"Stege Bugt","2011",24373,"Cardiidae",0,0
"Stege Bugt","2011",24374,"Cardiidae",3,0.0389
"Stege Bugt","2011",24375,"Cardiidae",0,0
"Stege Bugt","2011",24376,"Cardiidae",0,0
"Stege Bugt","2011",24377,"Cardiidae",0,0
"Stege Bugt","2011",24378,"Cardiidae",0,0
"Stege Bugt","2011",24379,"Cardiidae",0,0
"Stege Bugt","2011",24380,"Cardiidae",0,0
"Stege Bugt","2011",24381,"Cardiidae",0,0
"Stege Bugt","2011",24382,"Cardiidae",0,0
"Stege Bugt","2011",24383,"Cardiidae",0,0
"Stege Bugt","2011",24384,"Cardiidae",0,0
"Stege Bugt","2011",24385,"Cardiidae",0,0
"Stege Bugt","2011",24386,"Cardiidae",0,0
"Stege Bugt","2011",24387,"Cardiidae",0,0
"Stege Bugt","2011",24388,"Cardiidae",0,0
"Stege Bugt","2011",24389,"Cardiidae",4,0.032
"Stege Bugt","2011",24390,"Cardiidae",0,0
"Stege Bugt","2011",24391,"Cardiidae",0,0
"Stege Bugt","2011",24392,"Cardiidae",0,0
"Stege Bugt","2011",24393,"Cardiidae",0,0
"Stege Bugt","2011",24394,"Cardiidae",3,0.031
"Stege Bugt","2011",24395,"Cardiidae",0,0
"Stege Bugt","2011",24396,"Cardiidae",0,0
"Stege Bugt","2011",24397,"Cardiidae",0,0
"Stege Bugt","2011",24398,"Cardiidae",3,0.0338
"Stege Bugt","2011",24399,"Cardiidae",0,0
"Stege Bugt","2011",24400,"Cardiidae",0,0
"Stege Bugt","2011",24401,"Cardiidae",0,0
"Stege Bugt","2011",24402,"Cardiidae",0,0
"Stege Bugt","2011",24403,"Cardiidae",0,0
"Stege Bugt","2011",24404,"Cardiidae",3,0.0388
"Stege Bugt","2011",24405,"Cardiidae",0,0
"Stege Bugt","2011",24406,"Cardiidae",0,0
"Stege Bugt","2011",24407,"Cardiidae",0,0
"Stege Bugt","2011",24408,"Cardiidae",0,0
"Stege Bugt","2011",24409,"Cardiidae",0,0
"Stege Bugt","2011",24410,"Cardiidae",0,0
"Stege Bugt","2011",24411,"Cardiidae",0,0
"Stege Bugt","2011",24412,"Cardiidae",0,0
"Stege Bugt","2011",24671,"Littorinimorpha (large)",0,0
"Stege Bugt","2011",24672,"Littorinimorpha (large)",0,0
"Stege Bugt","2011",24673,"Littorinimorpha (large)",0,0
"Stege Bugt","2011",24674,"Littorinimorpha (large)",0,0
"Stege Bugt","2011",24675,"Littorinimorpha (large)",0,0
"Stege Bugt","2011",24676,"Littorinimorpha (large)",0,0
"Stege Bugt","2011",24677,"Littorinimorpha (large)",0,0
"Stege Bugt","2011",24678,"Littorinimorpha (large)",0,0
"Stege Bugt","2011",24679,"Littorinimorpha (large)",1,0.0084
"Stege Bugt","2011",24680,"Littorinimorpha (large)",0,0
"Stege Bugt","2011",24681,"Littorinimorpha (large)",0,0
"Stege Bugt","2011",24682,"Littorinimorpha (large)",0,0
"Stege Bugt","2011",24683,"Littorinimorpha (large)",0,0
"Stege Bugt","2011",24684,"Littorinimorpha (large)",0,0
"Stege Bugt","2011",24685,"Littorinimorpha (large)",0,0
"Stege Bugt","2011",24686,"Littorinimorpha (large)",0,0
"Stege Bugt","2011",24687,"Littorinimorpha (large)",0,0
"Stege Bugt","2011",24688,"Littorinimorpha (large)",0,0
"Stege Bugt","2011",24689,"Littorinimorpha (large)",0,0
"Stege Bugt","2011",24690,"Littorinimorpha (large)",0,0
"Stege Bugt","2011",24691,"Littorinimorpha (large)",0,0
"Stege Bugt","2011",24692,"Littorinimorpha (large)",0,0
"Stege Bugt","2011",24693,"Littorinimorpha (large)",0,0
"Stege Bugt","2011",24694,"Littorinimorpha (large)",0,0
"Stege Bugt","2011",24695,"Littorinimorpha (large)",0,0
"Stege Bugt","2011",24696,"Littorinimorpha (large)",0,0
"Stege Bugt","2011",24697,"Littorinimorpha (large)",0,0
"Stege Bugt","2011",24698,"Littorinimorpha (large)",0,0
"Stege Bugt","2011",24699,"Littorinimorpha (large)",0,0
"Stege Bugt","2011",24700,"Littorinimorpha (large)",0,0
"Stege Bugt","2011",24701,"Littorinimorpha (large)",0,0
"Stege Bugt","2011",24702,"Littorinimorpha (large)",0,0
"Stege Bugt","2011",24703,"Littorinimorpha (large)",0,0
"Stege Bugt","2011",24704,"Littorinimorpha (large)",0,0
"Stege Bugt","2011",24705,"Littorinimorpha (large)",0,0
"Stege Bugt","2011",24706,"Littorinimorpha (large)",0,0
"Stege Bugt","2011",24707,"Littorinimorpha (large)",0,0
"Stege Bugt","2011",24708,"Littorinimorpha (large)",0,0
"Stege Bugt","2011",24709,"Littorinimorpha (large)",0,0
"Stege Bugt","2011",24710,"Littorinimorpha (large)",0,0
"Stege Bugt","2011",24711,"Littorinimorpha (large)",0,0
"Stege Bugt","2011",24712,"Littorinimorpha (large)",0,0
"Stege Bugt","2011",31571,"Cardiidae",0,0
"Stege Bugt","2011",31572,"Cardiidae",0,0
"Stege Bugt","2011",31573,"Cardiidae",0,0
"Stege Bugt","2011",31574,"Cardiidae",0,0
"Stege Bugt","2011",31575,"Cardiidae",0,0
"Stege Bugt","2011",31576,"Cardiidae",0,0
"Stege Bugt","2011",31577,"Cardiidae",0,0
"Stege Bugt","2011",31578,"Cardiidae",0,0
"Stege Bugt","2011",31579,"Cardiidae",0,0
"Stege Bugt","2011",31580,"Cardiidae",0,0
"Stege Bugt","2011",31581,"Cardiidae",0,0
"Stege Bugt","2011",31582,"Cardiidae",0,0
"Stege Bugt","2011",31583,"Cardiidae",0,0
"Stege Bugt","2011",31584,"Cardiidae",0,0
"Stege Bugt","2011",31585,"Cardiidae",0,0
"Stege Bugt","2011",31586,"Cardiidae",0,0
"Stege Bugt","2011",31587,"Cardiidae",0,0
"Stege Bugt","2011",31588,"Cardiidae",0,0
"Stege Bugt","2011",31589,"Cardiidae",0,0
"Stege Bugt","2011",31590,"Cardiidae",0,0
"Stege Bugt","2011",31591,"Cardiidae",0,0
"Stege Bugt","2011",31592,"Cardiidae",0,0
"Stege Bugt","2011",31593,"Cardiidae",0,0
"Stege Bugt","2011",31594,"Cardiidae",0,0
"Stege Bugt","2011",31595,"Cardiidae",0,0
"Stege Bugt","2011",31596,"Cardiidae",0,0
"Stege Bugt","2011",31597,"Cardiidae",0,0
"Stege Bugt","2011",31598,"Cardiidae",0,0
"Stege Bugt","2011",31599,"Cardiidae",0,0
"Stege Bugt","2011",31600,"Cardiidae",0,0
"Stege Bugt","2011",31601,"Cardiidae",0,0
"Stege Bugt","2011",31602,"Cardiidae",0,0
"Stege Bugt","2011",31603,"Cardiidae",0,0
"Stege Bugt","2011",31604,"Cardiidae",0,0
"Stege Bugt","2011",31605,"Cardiidae",0,0
"Stege Bugt","2011",31606,"Cardiidae",0,0
"Stege Bugt","2011",31607,"Cardiidae",0,0
"Stege Bugt","2011",31608,"Cardiidae",0,0
"Stege Bugt","2011",31609,"Cardiidae",0,0
"Stege Bugt","2011",31610,"Cardiidae",0,0
"Stege Bugt","2011",31611,"Cardiidae",0,0
"Stege Bugt","2011",31612,"Cardiidae",0,0
"Stege Bugt","2011",35171,"Neritidae",0,0
"Stege Bugt","2011",35172,"Neritidae",5,0.0709
"Stege Bugt","2011",35173,"Neritidae",0,0
"Stege Bugt","2011",35174,"Neritidae",19,0.3315
"Stege Bugt","2011",35175,"Neritidae",2,0.0346
"Stege Bugt","2011",35176,"Neritidae",3,0.0346
"Stege Bugt","2011",35177,"Neritidae",1,0.0215
"Stege Bugt","2011",35178,"Neritidae",0,0
"Stege Bugt","2011",35179,"Neritidae",5,0.0583
"Stege Bugt","2011",35180,"Neritidae",0,0
"Stege Bugt","2011",35181,"Neritidae",1,0.0223
"Stege Bugt","2011",35182,"Neritidae",0,0
"Stege Bugt","2011",35183,"Neritidae",2,0.0233
"Stege Bugt","2011",35184,"Neritidae",1,0.0198
"Stege Bugt","2011",35185,"Neritidae",8,0.1115
"Stege Bugt","2011",35186,"Neritidae",0,0
"Stege Bugt","2011",35187,"Neritidae",6,0.0486
"Stege Bugt","2011",35188,"Neritidae",0,0
"Stege Bugt","2011",35189,"Neritidae",5,0.0283
"Stege Bugt","2011",35190,"Neritidae",3,0.0613
"Stege Bugt","2011",35191,"Neritidae",0,0
"Stege Bugt","2011",35192,"Neritidae",1,0.022
"Stege Bugt","2011",35193,"Neritidae",2,0.0223
"Stege Bugt","2011",35194,"Neritidae",0,0
"Stege Bugt","2011",35195,"Neritidae",0,0
"Stege Bugt","2011",35196,"Neritidae",0,0
"Stege Bugt","2011",35197,"Neritidae",5,0.0977
"Stege Bugt","2011",35198,"Neritidae",21,0.4101
"Stege Bugt","2011",35199,"Neritidae",2,0.0239
"Stege Bugt","2011",35200,"Neritidae",0,0
"Stege Bugt","2011",35201,"Neritidae",0,0
"Stege Bugt","2011",35202,"Neritidae",3,0.0612
"Stege Bugt","2011",35203,"Neritidae",0,0
"Stege Bugt","2011",35204,"Neritidae",7,0.0788
"Stege Bugt","2011",35205,"Neritidae",11,0.1571
"Stege Bugt","2011",35206,"Neritidae",5,0.0791
"Stege Bugt","2011",35207,"Neritidae",0,0
"Stege Bugt","2011",35208,"Neritidae",0,0
"Stege Bugt","2011",35209,"Neritidae",4,0.0323
"Stege Bugt","2011",35210,"Neritidae",1,0.0204
"Stege Bugt","2011",35211,"Neritidae",2,0.0631
"Stege Bugt","2011",35212,"Neritidae",0,0
"Stege Bugt","2011",35771,"Cardiidae",0,0
"Stege Bugt","2011",35772,"Cardiidae",0,0
"Stege Bugt","2011",35773,"Cardiidae",0,0
"Stege Bugt","2011",35774,"Cardiidae",0,0
"Stege Bugt","2011",35775,"Cardiidae",0,0
"Stege Bugt","2011",35776,"Cardiidae",0,0
"Stege Bugt","2011",35777,"Cardiidae",0,0
"Stege Bugt","2011",35778,"Cardiidae",0,0
"Stege Bugt","2011",35779,"Cardiidae",0,0
"Stege Bugt","2011",35780,"Cardiidae",0,0
"Stege Bugt","2011",35781,"Cardiidae",0,0
"Stege Bugt","2011",35782,"Cardiidae",0,0
"Stege Bugt","2011",35783,"Cardiidae",0,0
"Stege Bugt","2011",35784,"Cardiidae",0,0
"Stege Bugt","2011",35785,"Cardiidae",0,0
"Stege Bugt","2011",35786,"Cardiidae",0,0
"Stege Bugt","2011",35787,"Cardiidae",0,0
"Stege Bugt","2011",35788,"Cardiidae",0,0
"Stege Bugt","2011",35789,"Cardiidae",0,0
"Stege Bugt","2011",35790,"Cardiidae",0,0
"Stege Bugt","2011",35791,"Cardiidae",0,0
"Stege Bugt","2011",35792,"Cardiidae",0,0
"Stege Bugt","2011",35793,"Cardiidae",0,0
"Stege Bugt","2011",35794,"Cardiidae",0,0
"Stege Bugt","2011",35795,"Cardiidae",0,0
"Stege Bugt","2011",35796,"Cardiidae",0,0
"Stege Bugt","2011",35797,"Cardiidae",0,0
"Stege Bugt","2011",35798,"Cardiidae",0,0
"Stege Bugt","2011",35799,"Cardiidae",0,0
"Stege Bugt","2011",35800,"Cardiidae",0,0
"Stege Bugt","2011",35801,"Cardiidae",0,0
"Stege Bugt","2011",35802,"Cardiidae",0,0
"Stege Bugt","2011",35803,"Cardiidae",0,0
"Stege Bugt","2011",35804,"Cardiidae",0,0
"Stege Bugt","2011",35805,"Cardiidae",0,0
"Stege Bugt","2011",35806,"Cardiidae",0,0
"Stege Bugt","2011",35807,"Cardiidae",0,0
"Stege Bugt","2011",35808,"Cardiidae",0,0
"Stege Bugt","2011",35809,"Cardiidae",0,0
"Stege Bugt","2011",35810,"Cardiidae",0,0
"Stege Bugt","2011",35811,"Cardiidae",0,0
"Stege Bugt","2011",35812,"Cardiidae",0,0
"Stege Bugt","2011",56771,"Cardiidae",0,0
"Stege Bugt","2011",56772,"Cardiidae",0,0
"Stege Bugt","2011",56773,"Cardiidae",0,0
"Stege Bugt","2011",56774,"Cardiidae",0,0
"Stege Bugt","2011",56775,"Cardiidae",0,0
"Stege Bugt","2011",56776,"Cardiidae",0,0
"Stege Bugt","2011",56777,"Cardiidae",0,0
"Stege Bugt","2011",56778,"Cardiidae",0,0
"Stege Bugt","2011",56779,"Cardiidae",0,0
"Stege Bugt","2011",56780,"Cardiidae",0,0
"Stege Bugt","2011",56781,"Cardiidae",0,0
"Stege Bugt","2011",56782,"Cardiidae",0,0
"Stege Bugt","2011",56783,"Cardiidae",0,0
"Stege Bugt","2011",56784,"Cardiidae",0,0
"Stege Bugt","2011",56785,"Cardiidae",0,0
"Stege Bugt","2011",56786,"Cardiidae",0,0
"Stege Bugt","2011",56787,"Cardiidae",0,0
"Stege Bugt","2011",56788,"Cardiidae",0,0
"Stege Bugt","2011",56789,"Cardiidae",0,0
"Stege Bugt","2011",56790,"Cardiidae",0,0
"Stege Bugt","2011",56791,"Cardiidae",0,0
"Stege Bugt","2011",56792,"Cardiidae",0,0
"Stege Bugt","2011",56793,"Cardiidae",0,0
"Stege Bugt","2011",56794,"Cardiidae",0,0
"Stege Bugt","2011",56795,"Cardiidae",0,0
"Stege Bugt","2011",56796,"Cardiidae",0,0
"Stege Bugt","2011",56797,"Cardiidae",0,0
"Stege Bugt","2011",56798,"Cardiidae",0,0
"Stege Bugt","2011",56799,"Cardiidae",0,0
"Stege Bugt","2011",56800,"Cardiidae",0,0
"Stege Bugt","2011",56801,"Cardiidae",0,0
"Stege Bugt","2011",56802,"Cardiidae",0,0
"Stege Bugt","2011",56803,"Cardiidae",0,0
"Stege Bugt","2011",56804,"Cardiidae",0,0
"Stege Bugt","2011",56805,"Cardiidae",0,0
"Stege Bugt","2011",56806,"Cardiidae",0,0
"Stege Bugt","2011",56807,"Cardiidae",0,0
"Stege Bugt","2011",56808,"Cardiidae",0,0
"Stege Bugt","2011",56809,"Cardiidae",0,0
"Stege Bugt","2011",56810,"Cardiidae",0,0
"Stege Bugt","2011",56811,"Cardiidae",0,0
"Stege Bugt","2011",56812,"Cardiidae",0,0
"Stege Bugt","2013",22613,"Cardiidae",0,0
"Stege Bugt","2013",22614,"Cardiidae",0,0
"Stege Bugt","2013",22615,"Cardiidae",0,0
"Stege Bugt","2013",22616,"Cardiidae",0,0
"Stege Bugt","2013",22617,"Cardiidae",0,0
"Stege Bugt","2013",22618,"Cardiidae",0,0
"Stege Bugt","2013",22619,"Cardiidae",0,0
"Stege Bugt","2013",22620,"Cardiidae",0,0
"Stege Bugt","2013",22621,"Cardiidae",0,0
"Stege Bugt","2013",22622,"Cardiidae",0,0
"Stege Bugt","2013",22623,"Cardiidae",0,0
"Stege Bugt","2013",22624,"Cardiidae",0,0
"Stege Bugt","2013",22625,"Cardiidae",0,0
"Stege Bugt","2013",22626,"Cardiidae",0,0
"Stege Bugt","2013",22627,"Cardiidae",0,0
"Stege Bugt","2013",22628,"Cardiidae",1,0.6801
"Stege Bugt","2013",22629,"Cardiidae",1,0.0561
"Stege Bugt","2013",22630,"Cardiidae",0,0
"Stege Bugt","2013",22631,"Cardiidae",0,0
"Stege Bugt","2013",22632,"Cardiidae",1,0.065
"Stege Bugt","2013",22633,"Cardiidae",0,0
"Stege Bugt","2013",22634,"Cardiidae",0,0
"Stege Bugt","2013",22635,"Cardiidae",0,0
"Stege Bugt","2013",22636,"Cardiidae",0,0
"Stege Bugt","2013",22637,"Cardiidae",0,0
"Stege Bugt","2013",22638,"Cardiidae",1,0.7732
"Stege Bugt","2013",22639,"Cardiidae",0,0
"Stege Bugt","2013",22640,"Cardiidae",0,0
"Stege Bugt","2013",22641,"Cardiidae",0,0
"Stege Bugt","2013",22642,"Cardiidae",0,0
"Stege Bugt","2013",22643,"Cardiidae",0,0
"Stege Bugt","2013",22644,"Cardiidae",0,0
"Stege Bugt","2013",22645,"Cardiidae",0,0
"Stege Bugt","2013",22646,"Cardiidae",0,0
"Stege Bugt","2013",22647,"Cardiidae",0,0
"Stege Bugt","2013",22648,"Cardiidae",0,0
"Stege Bugt","2013",22649,"Cardiidae",0,0
"Stege Bugt","2013",22650,"Cardiidae",0,0
"Stege Bugt","2013",22651,"Cardiidae",0,0
"Stege Bugt","2013",22652,"Cardiidae",0,0
"Stege Bugt","2013",22653,"Cardiidae",0,0
"Stege Bugt","2013",22654,"Cardiidae",1,0.0925
"Stege Bugt","2013",24413,"Cardiidae",0,0
"Stege Bugt","2013",24414,"Cardiidae",0,0
"Stege Bugt","2013",24415,"Cardiidae",0,0
"Stege Bugt","2013",24416,"Cardiidae",0,0
"Stege Bugt","2013",24417,"Cardiidae",0,0
"Stege Bugt","2013",24418,"Cardiidae",0,0
"Stege Bugt","2013",24419,"Cardiidae",0,0
"Stege Bugt","2013",24420,"Cardiidae",0,0
"Stege Bugt","2013",24421,"Cardiidae",0,0
"Stege Bugt","2013",24422,"Cardiidae",0,0
"Stege Bugt","2013",24423,"Cardiidae",0,0
"Stege Bugt","2013",24424,"Cardiidae",0,0
"Stege Bugt","2013",24425,"Cardiidae",0,0
"Stege Bugt","2013",24426,"Cardiidae",0,0
"Stege Bugt","2013",24427,"Cardiidae",0,0
"Stege Bugt","2013",24428,"Cardiidae",0,0
"Stege Bugt","2013",24429,"Cardiidae",0,0
"Stege Bugt","2013",24430,"Cardiidae",0,0
"Stege Bugt","2013",24431,"Cardiidae",0,0
"Stege Bugt","2013",24432,"Cardiidae",0,0
"Stege Bugt","2013",24433,"Cardiidae",0,0
"Stege Bugt","2013",24434,"Cardiidae",0,0
"Stege Bugt","2013",24435,"Cardiidae",0,0
"Stege Bugt","2013",24436,"Cardiidae",0,0
"Stege Bugt","2013",24437,"Cardiidae",0,0
"Stege Bugt","2013",24438,"Cardiidae",0,0
"Stege Bugt","2013",24439,"Cardiidae",0,0
"Stege Bugt","2013",24440,"Cardiidae",0,0
"Stege Bugt","2013",24441,"Cardiidae",0,0
"Stege Bugt","2013",24442,"Cardiidae",0,0
"Stege Bugt","2013",24443,"Cardiidae",0,0
"Stege Bugt","2013",24444,"Cardiidae",0,0
"Stege Bugt","2013",24445,"Cardiidae",0,0
"Stege Bugt","2013",24446,"Cardiidae",0,0
"Stege Bugt","2013",24447,"Cardiidae",0,0
"Stege Bugt","2013",24448,"Cardiidae",0,0
"Stege Bugt","2013",24449,"Cardiidae",0,0
"Stege Bugt","2013",24450,"Cardiidae",0,0
"Stege Bugt","2013",24451,"Cardiidae",0,0
"Stege Bugt","2013",24452,"Cardiidae",0,0
"Stege Bugt","2013",24453,"Cardiidae",0,0
"Stege Bugt","2013",24454,"Cardiidae",0,0
"Stege Bugt","2013",24713,"Littorinimorpha (large)",0,0
"Stege Bugt","2013",24714,"Littorinimorpha (large)",0,0
"Stege Bugt","2013",24715,"Littorinimorpha (large)",0,0
"Stege Bugt","2013",24716,"Littorinimorpha (large)",0,0
"Stege Bugt","2013",24717,"Littorinimorpha (large)",0,0
"Stege Bugt","2013",24718,"Littorinimorpha (large)",0,0
"Stege Bugt","2013",24719,"Littorinimorpha (large)",0,0
"Stege Bugt","2013",24720,"Littorinimorpha (large)",0,0
"Stege Bugt","2013",24721,"Littorinimorpha (large)",0,0
"Stege Bugt","2013",24722,"Littorinimorpha (large)",0,0
"Stege Bugt","2013",24723,"Littorinimorpha (large)",0,0
"Stege Bugt","2013",24724,"Littorinimorpha (large)",0,0
"Stege Bugt","2013",24725,"Littorinimorpha (large)",0,0
"Stege Bugt","2013",24726,"Littorinimorpha (large)",0,0
"Stege Bugt","2013",24727,"Littorinimorpha (large)",0,0
"Stege Bugt","2013",24728,"Littorinimorpha (large)",0,0
"Stege Bugt","2013",24729,"Littorinimorpha (large)",0,0
"Stege Bugt","2013",24730,"Littorinimorpha (large)",0,0
"Stege Bugt","2013",24731,"Littorinimorpha (large)",0,0
"Stege Bugt","2013",24732,"Littorinimorpha (large)",0,0
"Stege Bugt","2013",24733,"Littorinimorpha (large)",0,0
"Stege Bugt","2013",24734,"Littorinimorpha (large)",0,0
"Stege Bugt","2013",24735,"Littorinimorpha (large)",0,0
"Stege Bugt","2013",24736,"Littorinimorpha (large)",0,0
"Stege Bugt","2013",24737,"Littorinimorpha (large)",0,0
"Stege Bugt","2013",24738,"Littorinimorpha (large)",0,0
"Stege Bugt","2013",24739,"Littorinimorpha (large)",1,0.0059
"Stege Bugt","2013",24740,"Littorinimorpha (large)",0,0
"Stege Bugt","2013",24741,"Littorinimorpha (large)",0,0
"Stege Bugt","2013",24742,"Littorinimorpha (large)",0,0
"Stege Bugt","2013",24743,"Littorinimorpha (large)",0,0
"Stege Bugt","2013",24744,"Littorinimorpha (large)",0,0
"Stege Bugt","2013",24745,"Littorinimorpha (large)",0,0
"Stege Bugt","2013",24746,"Littorinimorpha (large)",0,0
"Stege Bugt","2013",24747,"Littorinimorpha (large)",0,0
"Stege Bugt","2013",24748,"Littorinimorpha (large)",0,0
"Stege Bugt","2013",24749,"Littorinimorpha (large)",1,0.0084
"Stege Bugt","2013",24750,"Littorinimorpha (large)",0,0
"Stege Bugt","2013",24751,"Littorinimorpha (large)",0,0
"Stege Bugt","2013",24752,"Littorinimorpha (large)",0,0
"Stege Bugt","2013",24753,"Littorinimorpha (large)",0,0
"Stege Bugt","2013",24754,"Littorinimorpha (large)",0,0
"Stege Bugt","2013",31613,"Cardiidae",0,0
"Stege Bugt","2013",31614,"Cardiidae",0,0
"Stege Bugt","2013",31615,"Cardiidae",0,0
"Stege Bugt","2013",31616,"Cardiidae",0,0
"Stege Bugt","2013",31617,"Cardiidae",0,0
"Stege Bugt","2013",31618,"Cardiidae",0,0
"Stege Bugt","2013",31619,"Cardiidae",0,0
"Stege Bugt","2013",31620,"Cardiidae",0,0
"Stege Bugt","2013",31621,"Cardiidae",0,0
"Stege Bugt","2013",31622,"Cardiidae",0,0
"Stege Bugt","2013",31623,"Cardiidae",0,0
"Stege Bugt","2013",31624,"Cardiidae",0,0
"Stege Bugt","2013",31625,"Cardiidae",0,0
"Stege Bugt","2013",31626,"Cardiidae",0,0
"Stege Bugt","2013",31627,"Cardiidae",0,0
"Stege Bugt","2013",31628,"Cardiidae",0,0
"Stege Bugt","2013",31629,"Cardiidae",0,0
"Stege Bugt","2013",31630,"Cardiidae",0,0
"Stege Bugt","2013",31631,"Cardiidae",0,0
"Stege Bugt","2013",31632,"Cardiidae",0,0
"Stege Bugt","2013",31633,"Cardiidae",0,0
"Stege Bugt","2013",31634,"Cardiidae",0,0
"Stege Bugt","2013",31635,"Cardiidae",0,0
"Stege Bugt","2013",31636,"Cardiidae",0,0
"Stege Bugt","2013",31637,"Cardiidae",0,0
"Stege Bugt","2013",31638,"Cardiidae",0,0
"Stege Bugt","2013",31639,"Cardiidae",0,0
"Stege Bugt","2013",31640,"Cardiidae",0,0
"Stege Bugt","2013",31641,"Cardiidae",0,0
"Stege Bugt","2013",31642,"Cardiidae",0,0
"Stege Bugt","2013",31643,"Cardiidae",0,0
"Stege Bugt","2013",31644,"Cardiidae",0,0
"Stege Bugt","2013",31645,"Cardiidae",0,0
"Stege Bugt","2013",31646,"Cardiidae",0,0
"Stege Bugt","2013",31647,"Cardiidae",0,0
"Stege Bugt","2013",31648,"Cardiidae",0,0
"Stege Bugt","2013",31649,"Cardiidae",0,0
"Stege Bugt","2013",31650,"Cardiidae",0,0
"Stege Bugt","2013",31651,"Cardiidae",0,0
"Stege Bugt","2013",31652,"Cardiidae",0,0
"Stege Bugt","2013",31653,"Cardiidae",0,0
"Stege Bugt","2013",31654,"Cardiidae",0,0
"Stege Bugt","2013",35213,"Neritidae",2,0.0172
"Stege Bugt","2013",35214,"Neritidae",0,0
"Stege Bugt","2013",35215,"Neritidae",0,0
"Stege Bugt","2013",35216,"Neritidae",1,0.01
"Stege Bugt","2013",35217,"Neritidae",4,0.053
"Stege Bugt","2013",35218,"Neritidae",3,0.0288
"Stege Bugt","2013",35219,"Neritidae",3,0.0251
"Stege Bugt","2013",35220,"Neritidae",0,0
"Stege Bugt","2013",35221,"Neritidae",0,0
"Stege Bugt","2013",35222,"Neritidae",3,0.0121
"Stege Bugt","2013",35223,"Neritidae",0,0
"Stege Bugt","2013",35224,"Neritidae",0,0
"Stege Bugt","2013",35225,"Neritidae",1,0.0041
"Stege Bugt","2013",35226,"Neritidae",4,0.0121
"Stege Bugt","2013",35227,"Neritidae",3,0.0125
"Stege Bugt","2013",35228,"Neritidae",1,0.003
"Stege Bugt","2013",35229,"Neritidae",10,0.1297
"Stege Bugt","2013",35230,"Neritidae",2,0.0173
"Stege Bugt","2013",35231,"Neritidae",1,0.0115
"Stege Bugt","2013",35232,"Neritidae",1,0.0019
"Stege Bugt","2013",35233,"Neritidae",0,0
"Stege Bugt","2013",35234,"Neritidae",0,0
"Stege Bugt","2013",35235,"Neritidae",0,0
"Stege Bugt","2013",35236,"Neritidae",3,0.104
"Stege Bugt","2013",35237,"Neritidae",2,0.0289
"Stege Bugt","2013",35238,"Neritidae",0,0
"Stege Bugt","2013",35239,"Neritidae",4,0.0376
"Stege Bugt","2013",35240,"Neritidae",0,0
"Stege Bugt","2013",35241,"Neritidae",0,0
"Stege Bugt","2013",35242,"Neritidae",1,0.0016
"Stege Bugt","2013",35243,"Neritidae",5,0.0709
"Stege Bugt","2013",35244,"Neritidae",2,0.0343
"Stege Bugt","2013",35245,"Neritidae",2,0.0207
"Stege Bugt","2013",35246,"Neritidae",0,0
"Stege Bugt","2013",35247,"Neritidae",3,0.023
"Stege Bugt","2013",35248,"Neritidae",0,0
"Stege Bugt","2013",35249,"Neritidae",3,0.0365
"Stege Bugt","2013",35250,"Neritidae",5,0.0383
"Stege Bugt","2013",35251,"Neritidae",1,0.0248
"Stege Bugt","2013",35252,"Neritidae",1,0.0096
"Stege Bugt","2013",35253,"Neritidae",0,0
"Stege Bugt","2013",35254,"Neritidae",0,0
"Stege Bugt","2013",35813,"Cardiidae",0,0
"Stege Bugt","2013",35814,"Cardiidae",0,0
"Stege Bugt","2013",35815,"Cardiidae",0,0
"Stege Bugt","2013",35816,"Cardiidae",0,0
"Stege Bugt","2013",35817,"Cardiidae",0,0
"Stege Bugt","2013",35818,"Cardiidae",0,0
"Stege Bugt","2013",35819,"Cardiidae",0,0
"Stege Bugt","2013",35820,"Cardiidae",0,0
"Stege Bugt","2013",35821,"Cardiidae",0,0
"Stege Bugt","2013",35822,"Cardiidae",0,0
"Stege Bugt","2013",35823,"Cardiidae",0,0
"Stege Bugt","2013",35824,"Cardiidae",0,0
"Stege Bugt","2013",35825,"Cardiidae",0,0
"Stege Bugt","2013",35826,"Cardiidae",0,0
"Stege Bugt","2013",35827,"Cardiidae",0,0
"Stege Bugt","2013",35828,"Cardiidae",0,0
"Stege Bugt","2013",35829,"Cardiidae",0,0
"Stege Bugt","2013",35830,"Cardiidae",0,0
"Stege Bugt","2013",35831,"Cardiidae",0,0
"Stege Bugt","2013",35832,"Cardiidae",0,0
"Stege Bugt","2013",35833,"Cardiidae",0,0
"Stege Bugt","2013",35834,"Cardiidae",0,0
"Stege Bugt","2013",35835,"Cardiidae",0,0
"Stege Bugt","2013",35836,"Cardiidae",0,0
"Stege Bugt","2013",35837,"Cardiidae",0,0
"Stege Bugt","2013",35838,"Cardiidae",0,0
"Stege Bugt","2013",35839,"Cardiidae",0,0
"Stege Bugt","2013",35840,"Cardiidae",0,0
"Stege Bugt","2013",35841,"Cardiidae",0,0
"Stege Bugt","2013",35842,"Cardiidae",0,0
"Stege Bugt","2013",35843,"Cardiidae",0,0
"Stege Bugt","2013",35844,"Cardiidae",0,0
"Stege Bugt","2013",35845,"Cardiidae",0,0
"Stege Bugt","2013",35846,"Cardiidae",0,0
"Stege Bugt","2013",35847,"Cardiidae",0,0
"Stege Bugt","2013",35848,"Cardiidae",0,0
"Stege Bugt","2013",35849,"Cardiidae",0,0
"Stege Bugt","2013",35850,"Cardiidae",0,0
"Stege Bugt","2013",35851,"Cardiidae",0,0
"Stege Bugt","2013",35852,"Cardiidae",0,0
"Stege Bugt","2013",35853,"Cardiidae",0,0
"Stege Bugt","2013",35854,"Cardiidae",0,0
"Stege Bugt","2013",56813,"Cardiidae",1,0.0289
"Stege Bugt","2013",56814,"Cardiidae",2,0.0052
"Stege Bugt","2013",56815,"Cardiidae",1,0.0077
"Stege Bugt","2013",56816,"Cardiidae",0,0
"Stege Bugt","2013",56817,"Cardiidae",2,0.0425
"Stege Bugt","2013",56818,"Cardiidae",0,0
"Stege Bugt","2013",56819,"Cardiidae",1,0.007
"Stege Bugt","2013",56820,"Cardiidae",1,0.0109
"Stege Bugt","2013",56821,"Cardiidae",0,0
"Stege Bugt","2013",56822,"Cardiidae",2,0.0322
"Stege Bugt","2013",56823,"Cardiidae",0,0
"Stege Bugt","2013",56824,"Cardiidae",0,0
"Stege Bugt","2013",56825,"Cardiidae",1,0.0055
"Stege Bugt","2013",56826,"Cardiidae",2,0.0287
"Stege Bugt","2013",56827,"Cardiidae",0,0
"Stege Bugt","2013",56828,"Cardiidae",6,0.0491
"Stege Bugt","2013",56829,"Cardiidae",6,0.0878
"Stege Bugt","2013",56830,"Cardiidae",4,0.0374
"Stege Bugt","2013",56831,"Cardiidae",0,0
"Stege Bugt","2013",56832,"Cardiidae",3,0.0469
"Stege Bugt","2013",56833,"Cardiidae",0,0
"Stege Bugt","2013",56834,"Cardiidae",0,0
"Stege Bugt","2013",56835,"Cardiidae",0,0
"Stege Bugt","2013",56836,"Cardiidae",23,0.3246
"Stege Bugt","2013",56837,"Cardiidae",3,0.0222
"Stege Bugt","2013",56838,"Cardiidae",0,0
"Stege Bugt","2013",56839,"Cardiidae",5,0.0455
"Stege Bugt","2013",56840,"Cardiidae",0,0
"Stege Bugt","2013",56841,"Cardiidae",0,0
"Stege Bugt","2013",56842,"Cardiidae",0,0
"Stege Bugt","2013",56843,"Cardiidae",2,0.0459
"Stege Bugt","2013",56844,"Cardiidae",2,0.0108
"Stege Bugt","2013",56845,"Cardiidae",2,0.0127
"Stege Bugt","2013",56846,"Cardiidae",2,0.0233
"Stege Bugt","2013",56847,"Cardiidae",0,0
"Stege Bugt","2013",56848,"Cardiidae",0,0
"Stege Bugt","2013",56849,"Cardiidae",4,0.0608
"Stege Bugt","2013",56850,"Cardiidae",0,0
"Stege Bugt","2013",56851,"Cardiidae",0,0
"Stege Bugt","2013",56852,"Cardiidae",8,0.1656
"Stege Bugt","2013",56853,"Cardiidae",0,0
"Stege Bugt","2013",56854,"Cardiidae",0,0
"Stege Bugt","2015",22739,"Cardiidae",0,0
"Stege Bugt","2015",22740,"Cardiidae",0,0
"Stege Bugt","2015",22741,"Cardiidae",0,0
"Stege Bugt","2015",22742,"Cardiidae",0,0
"Stege Bugt","2015",22743,"Cardiidae",0,0
"Stege Bugt","2015",22744,"Cardiidae",0,0
"Stege Bugt","2015",22745,"Cardiidae",0,0
"Stege Bugt","2015",22746,"Cardiidae",1,6e-04
"Stege Bugt","2015",22747,"Cardiidae",0,0
"Stege Bugt","2015",22748,"Cardiidae",0,0
"Stege Bugt","2015",22749,"Cardiidae",1,0.0114
"Stege Bugt","2015",22750,"Cardiidae",0,0
"Stege Bugt","2015",22751,"Cardiidae",0,0
"Stege Bugt","2015",22752,"Cardiidae",0,0
"Stege Bugt","2015",22753,"Cardiidae",0,0
"Stege Bugt","2015",22754,"Cardiidae",0,0
"Stege Bugt","2015",22755,"Cardiidae",0,0
"Stege Bugt","2015",22756,"Cardiidae",0,0
"Stege Bugt","2015",22757,"Cardiidae",2,0.2903
"Stege Bugt","2015",22758,"Cardiidae",0,0
"Stege Bugt","2015",22759,"Cardiidae",2,0.6039
"Stege Bugt","2015",22760,"Cardiidae",0,0
"Stege Bugt","2015",22761,"Cardiidae",2,0.0071
"Stege Bugt","2015",22762,"Cardiidae",0,0
"Stege Bugt","2015",22763,"Cardiidae",0,0
"Stege Bugt","2015",22764,"Cardiidae",0,0
"Stege Bugt","2015",22765,"Cardiidae",0,0
"Stege Bugt","2015",22766,"Cardiidae",0,0
"Stege Bugt","2015",22767,"Cardiidae",0,0
"Stege Bugt","2015",22768,"Cardiidae",0,0
"Stege Bugt","2015",22769,"Cardiidae",0,0
"Stege Bugt","2015",22770,"Cardiidae",1,0.0462
"Stege Bugt","2015",22771,"Cardiidae",1,6e-04
"Stege Bugt","2015",22772,"Cardiidae",0,0
"Stege Bugt","2015",22773,"Cardiidae",0,0
"Stege Bugt","2015",22774,"Cardiidae",2,0.9347
"Stege Bugt","2015",22775,"Cardiidae",1,0.3182
"Stege Bugt","2015",22776,"Cardiidae",0,0
"Stege Bugt","2015",22777,"Cardiidae",0,0
"Stege Bugt","2015",22778,"Cardiidae",0,0
"Stege Bugt","2015",22779,"Cardiidae",1,0.0108
"Stege Bugt","2015",22780,"Cardiidae",1,0.0177
"Stege Bugt","2015",24539,"Cardiidae",0,0
"Stege Bugt","2015",24540,"Cardiidae",0,0
"Stege Bugt","2015",24541,"Cardiidae",0,0
"Stege Bugt","2015",24542,"Cardiidae",0,0
"Stege Bugt","2015",24543,"Cardiidae",0,0
"Stege Bugt","2015",24544,"Cardiidae",0,0
"Stege Bugt","2015",24545,"Cardiidae",0,0
"Stege Bugt","2015",24546,"Cardiidae",0,0
"Stege Bugt","2015",24547,"Cardiidae",0,0
"Stege Bugt","2015",24548,"Cardiidae",1,0.0053
"Stege Bugt","2015",24549,"Cardiidae",0,0
"Stege Bugt","2015",24550,"Cardiidae",0,0
"Stege Bugt","2015",24551,"Cardiidae",0,0
"Stege Bugt","2015",24552,"Cardiidae",0,0
"Stege Bugt","2015",24553,"Cardiidae",0,0
"Stege Bugt","2015",24554,"Cardiidae",0,0
"Stege Bugt","2015",24555,"Cardiidae",0,0
"Stege Bugt","2015",24556,"Cardiidae",0,0
"Stege Bugt","2015",24557,"Cardiidae",0,0
"Stege Bugt","2015",24558,"Cardiidae",0,0
"Stege Bugt","2015",24559,"Cardiidae",0,0
"Stege Bugt","2015",24560,"Cardiidae",0,0
"Stege Bugt","2015",24561,"Cardiidae",0,0
"Stege Bugt","2015",24562,"Cardiidae",1,5e-04
"Stege Bugt","2015",24563,"Cardiidae",0,0
"Stege Bugt","2015",24564,"Cardiidae",0,0
"Stege Bugt","2015",24565,"Cardiidae",0,0
"Stege Bugt","2015",24566,"Cardiidae",0,0
"Stege Bugt","2015",24567,"Cardiidae",2,0.0166
"Stege Bugt","2015",24568,"Cardiidae",0,0
"Stege Bugt","2015",24569,"Cardiidae",0,0
"Stege Bugt","2015",24570,"Cardiidae",0,0
"Stege Bugt","2015",24571,"Cardiidae",0,0
"Stege Bugt","2015",24572,"Cardiidae",0,0
"Stege Bugt","2015",24573,"Cardiidae",0,0
"Stege Bugt","2015",24574,"Cardiidae",0,0
"Stege Bugt","2015",24575,"Cardiidae",0,0
"Stege Bugt","2015",24576,"Cardiidae",0,0
"Stege Bugt","2015",24577,"Cardiidae",0,0
"Stege Bugt","2015",24578,"Cardiidae",0,0
"Stege Bugt","2015",24579,"Cardiidae",0,0
"Stege Bugt","2015",24580,"Cardiidae",0,0
"Stege Bugt","2015",24839,"Littorinimorpha (large)",0,0
"Stege Bugt","2015",24840,"Littorinimorpha (large)",0,0
"Stege Bugt","2015",24841,"Littorinimorpha (large)",0,0
"Stege Bugt","2015",24842,"Littorinimorpha (large)",0,0
"Stege Bugt","2015",24843,"Littorinimorpha (large)",0,0
"Stege Bugt","2015",24844,"Littorinimorpha (large)",0,0
"Stege Bugt","2015",24845,"Littorinimorpha (large)",0,0
"Stege Bugt","2015",24846,"Littorinimorpha (large)",0,0
"Stege Bugt","2015",24847,"Littorinimorpha (large)",0,0
"Stege Bugt","2015",24848,"Littorinimorpha (large)",0,0
"Stege Bugt","2015",24849,"Littorinimorpha (large)",0,0
"Stege Bugt","2015",24850,"Littorinimorpha (large)",0,0
"Stege Bugt","2015",24851,"Littorinimorpha (large)",0,0
"Stege Bugt","2015",24852,"Littorinimorpha (large)",0,0
"Stege Bugt","2015",24853,"Littorinimorpha (large)",0,0
"Stege Bugt","2015",24854,"Littorinimorpha (large)",0,0
"Stege Bugt","2015",24855,"Littorinimorpha (large)",0,0
"Stege Bugt","2015",24856,"Littorinimorpha (large)",0,0
"Stege Bugt","2015",24857,"Littorinimorpha (large)",0,0
"Stege Bugt","2015",24858,"Littorinimorpha (large)",0,0
"Stege Bugt","2015",24859,"Littorinimorpha (large)",0,0
"Stege Bugt","2015",24860,"Littorinimorpha (large)",0,0
"Stege Bugt","2015",24861,"Littorinimorpha (large)",0,0
"Stege Bugt","2015",24862,"Littorinimorpha (large)",0,0
"Stege Bugt","2015",24863,"Littorinimorpha (large)",0,0
"Stege Bugt","2015",24864,"Littorinimorpha (large)",0,0
"Stege Bugt","2015",24865,"Littorinimorpha (large)",0,0
"Stege Bugt","2015",24866,"Littorinimorpha (large)",0,0
"Stege Bugt","2015",24867,"Littorinimorpha (large)",0,0
"Stege Bugt","2015",24868,"Littorinimorpha (large)",0,0
"Stege Bugt","2015",24869,"Littorinimorpha (large)",0,0
"Stege Bugt","2015",24870,"Littorinimorpha (large)",0,0
"Stege Bugt","2015",24871,"Littorinimorpha (large)",0,0
"Stege Bugt","2015",24872,"Littorinimorpha (large)",0,0
"Stege Bugt","2015",24873,"Littorinimorpha (large)",0,0
"Stege Bugt","2015",24874,"Littorinimorpha (large)",0,0
"Stege Bugt","2015",24875,"Littorinimorpha (large)",0,0
"Stege Bugt","2015",24876,"Littorinimorpha (large)",0,0
"Stege Bugt","2015",24877,"Littorinimorpha (large)",0,0
"Stege Bugt","2015",24878,"Littorinimorpha (large)",0,0
"Stege Bugt","2015",24879,"Littorinimorpha (large)",0,0
"Stege Bugt","2015",24880,"Littorinimorpha (large)",0,0
"Stege Bugt","2015",31739,"Cardiidae",0,0
"Stege Bugt","2015",31740,"Cardiidae",0,0
"Stege Bugt","2015",31741,"Cardiidae",0,0
"Stege Bugt","2015",31742,"Cardiidae",0,0
"Stege Bugt","2015",31743,"Cardiidae",0,0
"Stege Bugt","2015",31744,"Cardiidae",0,0
"Stege Bugt","2015",31745,"Cardiidae",0,0
"Stege Bugt","2015",31746,"Cardiidae",0,0
"Stege Bugt","2015",31747,"Cardiidae",0,0
"Stege Bugt","2015",31748,"Cardiidae",0,0
"Stege Bugt","2015",31749,"Cardiidae",0,0
"Stege Bugt","2015",31750,"Cardiidae",0,0
"Stege Bugt","2015",31751,"Cardiidae",0,0
"Stege Bugt","2015",31752,"Cardiidae",0,0
"Stege Bugt","2015",31753,"Cardiidae",0,0
"Stege Bugt","2015",31754,"Cardiidae",0,0
"Stege Bugt","2015",31755,"Cardiidae",0,0
"Stege Bugt","2015",31756,"Cardiidae",0,0
"Stege Bugt","2015",31757,"Cardiidae",0,0
"Stege Bugt","2015",31758,"Cardiidae",0,0
"Stege Bugt","2015",31759,"Cardiidae",0,0
"Stege Bugt","2015",31760,"Cardiidae",0,0
"Stege Bugt","2015",31761,"Cardiidae",0,0
"Stege Bugt","2015",31762,"Cardiidae",0,0
"Stege Bugt","2015",31763,"Cardiidae",0,0
"Stege Bugt","2015",31764,"Cardiidae",0,0
"Stege Bugt","2015",31765,"Cardiidae",0,0
"Stege Bugt","2015",31766,"Cardiidae",0,0
"Stege Bugt","2015",31767,"Cardiidae",0,0
"Stege Bugt","2015",31768,"Cardiidae",0,0
"Stege Bugt","2015",31769,"Cardiidae",0,0
"Stege Bugt","2015",31770,"Cardiidae",0,0
"Stege Bugt","2015",31771,"Cardiidae",0,0
"Stege Bugt","2015",31772,"Cardiidae",0,0
"Stege Bugt","2015",31773,"Cardiidae",0,0
"Stege Bugt","2015",31774,"Cardiidae",0,0
"Stege Bugt","2015",31775,"Cardiidae",0,0
"Stege Bugt","2015",31776,"Cardiidae",0,0
"Stege Bugt","2015",31777,"Cardiidae",0,0
"Stege Bugt","2015",31778,"Cardiidae",0,0
"Stege Bugt","2015",31779,"Cardiidae",0,0
"Stege Bugt","2015",31780,"Cardiidae",0,0
"Stege Bugt","2015",35339,"Neritidae",0,0
"Stege Bugt","2015",35340,"Neritidae",0,0
"Stege Bugt","2015",35341,"Neritidae",1,0.0251
"Stege Bugt","2015",35342,"Neritidae",0,0
"Stege Bugt","2015",35343,"Neritidae",0,0
"Stege Bugt","2015",35344,"Neritidae",0,0
"Stege Bugt","2015",35345,"Neritidae",2,0.087
"Stege Bugt","2015",35346,"Neritidae",0,0
"Stege Bugt","2015",35347,"Neritidae",0,0
"Stege Bugt","2015",35348,"Neritidae",0,0
"Stege Bugt","2015",35349,"Neritidae",0,0
"Stege Bugt","2015",35350,"Neritidae",2,0.0338
"Stege Bugt","2015",35351,"Neritidae",0,0
"Stege Bugt","2015",35352,"Neritidae",0,0
"Stege Bugt","2015",35353,"Neritidae",0,0
"Stege Bugt","2015",35354,"Neritidae",0,0
"Stege Bugt","2015",35355,"Neritidae",0,0
"Stege Bugt","2015",35356,"Neritidae",0,0
"Stege Bugt","2015",35357,"Neritidae",1,0.0045
"Stege Bugt","2015",35358,"Neritidae",6,0.1301
"Stege Bugt","2015",35359,"Neritidae",0,0
"Stege Bugt","2015",35360,"Neritidae",1,0.0279
"Stege Bugt","2015",35361,"Neritidae",2,0.0362
"Stege Bugt","2015",35362,"Neritidae",5,0.0526
"Stege Bugt","2015",35363,"Neritidae",1,0.0137
"Stege Bugt","2015",35364,"Neritidae",0,0
"Stege Bugt","2015",35365,"Neritidae",0,0
"Stege Bugt","2015",35366,"Neritidae",0,0
"Stege Bugt","2015",35367,"Neritidae",4,0.0362
"Stege Bugt","2015",35368,"Neritidae",0,0
"Stege Bugt","2015",35369,"Neritidae",0,0
"Stege Bugt","2015",35370,"Neritidae",9,0.093
"Stege Bugt","2015",35371,"Neritidae",0,0
"Stege Bugt","2015",35372,"Neritidae",2,0.0858
"Stege Bugt","2015",35373,"Neritidae",5,0.1352
"Stege Bugt","2015",35374,"Neritidae",1,0.0524
"Stege Bugt","2015",35375,"Neritidae",1,0.0182
"Stege Bugt","2015",35376,"Neritidae",0,0
"Stege Bugt","2015",35377,"Neritidae",0,0
"Stege Bugt","2015",35378,"Neritidae",1,0.0395
"Stege Bugt","2015",35379,"Neritidae",1,0.0041
"Stege Bugt","2015",35380,"Neritidae",0,0
"Stege Bugt","2015",35939,"Cardiidae",0,0
"Stege Bugt","2015",35940,"Cardiidae",0,0
"Stege Bugt","2015",35941,"Cardiidae",0,0
"Stege Bugt","2015",35942,"Cardiidae",0,0
"Stege Bugt","2015",35943,"Cardiidae",0,0
"Stege Bugt","2015",35944,"Cardiidae",0,0
"Stege Bugt","2015",35945,"Cardiidae",0,0
"Stege Bugt","2015",35946,"Cardiidae",0,0
"Stege Bugt","2015",35947,"Cardiidae",0,0
"Stege Bugt","2015",35948,"Cardiidae",0,0
"Stege Bugt","2015",35949,"Cardiidae",0,0
"Stege Bugt","2015",35950,"Cardiidae",0,0
"Stege Bugt","2015",35951,"Cardiidae",0,0
"Stege Bugt","2015",35952,"Cardiidae",0,0
"Stege Bugt","2015",35953,"Cardiidae",0,0
"Stege Bugt","2015",35954,"Cardiidae",0,0
"Stege Bugt","2015",35955,"Cardiidae",0,0
"Stege Bugt","2015",35956,"Cardiidae",0,0
"Stege Bugt","2015",35957,"Cardiidae",0,0
"Stege Bugt","2015",35958,"Cardiidae",0,0
"Stege Bugt","2015",35959,"Cardiidae",0,0
"Stege Bugt","2015",35960,"Cardiidae",0,0
"Stege Bugt","2015",35961,"Cardiidae",0,0
"Stege Bugt","2015",35962,"Cardiidae",0,0
"Stege Bugt","2015",35963,"Cardiidae",0,0
"Stege Bugt","2015",35964,"Cardiidae",0,0
"Stege Bugt","2015",35965,"Cardiidae",0,0
"Stege Bugt","2015",35966,"Cardiidae",0,0
"Stege Bugt","2015",35967,"Cardiidae",0,0
"Stege Bugt","2015",35968,"Cardiidae",0,0
"Stege Bugt","2015",35969,"Cardiidae",0,0
"Stege Bugt","2015",35970,"Cardiidae",0,0
"Stege Bugt","2015",35971,"Cardiidae",0,0
"Stege Bugt","2015",35972,"Cardiidae",0,0
"Stege Bugt","2015",35973,"Cardiidae",0,0
"Stege Bugt","2015",35974,"Cardiidae",0,0
"Stege Bugt","2015",35975,"Cardiidae",0,0
"Stege Bugt","2015",35976,"Cardiidae",0,0
"Stege Bugt","2015",35977,"Cardiidae",0,0
"Stege Bugt","2015",35978,"Cardiidae",0,0
"Stege Bugt","2015",35979,"Cardiidae",0,0
"Stege Bugt","2015",35980,"Cardiidae",0,0
"Stege Bugt","2015",56939,"Cardiidae",0,0
"Stege Bugt","2015",56940,"Cardiidae",0,0
"Stege Bugt","2015",56941,"Cardiidae",0,0
"Stege Bugt","2015",56942,"Cardiidae",0,0
"Stege Bugt","2015",56943,"Cardiidae",0,0
"Stege Bugt","2015",56944,"Cardiidae",0,0
"Stege Bugt","2015",56945,"Cardiidae",0,0
"Stege Bugt","2015",56946,"Cardiidae",0,0
"Stege Bugt","2015",56947,"Cardiidae",0,0
"Stege Bugt","2015",56948,"Cardiidae",0,0
"Stege Bugt","2015",56949,"Cardiidae",0,0
"Stege Bugt","2015",56950,"Cardiidae",0,0
"Stege Bugt","2015",56951,"Cardiidae",0,0
"Stege Bugt","2015",56952,"Cardiidae",0,0
"Stege Bugt","2015",56953,"Cardiidae",0,0
"Stege Bugt","2015",56954,"Cardiidae",0,0
"Stege Bugt","2015",56955,"Cardiidae",0,0
"Stege Bugt","2015",56956,"Cardiidae",0,0
"Stege Bugt","2015",56957,"Cardiidae",0,0
"Stege Bugt","2015",56958,"Cardiidae",0,0
"Stege Bugt","2015",56959,"Cardiidae",0,0
"Stege Bugt","2015",56960,"Cardiidae",0,0
"Stege Bugt","2015",56961,"Cardiidae",0,0
"Stege Bugt","2015",56962,"Cardiidae",0,0
"Stege Bugt","2015",56963,"Cardiidae",0,0
"Stege Bugt","2015",56964,"Cardiidae",0,0
"Stege Bugt","2015",56965,"Cardiidae",0,0
"Stege Bugt","2015",56966,"Cardiidae",0,0
"Stege Bugt","2015",56967,"Cardiidae",0,0
"Stege Bugt","2015",56968,"Cardiidae",0,0
"Stege Bugt","2015",56969,"Cardiidae",0,0
"Stege Bugt","2015",56970,"Cardiidae",0,0
"Stege Bugt","2015",56971,"Cardiidae",0,0
"Stege Bugt","2015",56972,"Cardiidae",0,0
"Stege Bugt","2015",56973,"Cardiidae",0,0
"Stege Bugt","2015",56974,"Cardiidae",0,0
"Stege Bugt","2015",56975,"Cardiidae",0,0
"Stege Bugt","2015",56976,"Cardiidae",0,0
"Stege Bugt","2015",56977,"Cardiidae",0,0
"Stege Bugt","2015",56978,"Cardiidae",0,0
"Stege Bugt","2015",56979,"Cardiidae",0,0
"Stege Bugt","2015",56980,"Cardiidae",0,0
